Order_ID,Fecha_Venta,Cliente_ID,Producto,Categoria,Cantidad,Precio_Unitario,Descuento,Total_Venta,Canal_Venta,Estado_Orden
1149,2024-01-28,45,Laptop,Tecnología,2,350000,110,3036517,Distribuidor,Completada
1079,2024-05-29,75,Mouse,Accesorios,-1,350000,110,2423407,Online,
1168,2024-08-23,96,Laptop,Oficina,2,350000,50,4187594,???,Pendiente
1081,2025-02-15,115,Impresora,Tecnología,10,0,10,4317604,Tienda,Cancelada
1054,2024-06-29,107,Laptop,Tecnología,0,350000,110,924309,Distribuidor,Pendiente
1197,2024-12-22,3,Impresora,Tecnología,0,-1000,5,2970719,Distribuidor,Completada
1166,2024-11-12,43,Laptop,Oficina,1,120000,110,3066183,Online,
1075,2024-09-04,5,Mouse,Oficina,5,-1000,0,1494704,???,Cancelada
1277,2024-12-03,37,Mouse,Accesorios,10,-1000,50,2995783,Distribuidor,Completada
1203,2025-03-10,94,Impresora,Oficina,10,50000,10,263703,Online,Pendiente
1261,2025-03-10,88,Monitor,Tecnología,0,50000,5,4092772,Distribuidor,Pendiente
1004,2025-01-10,5,Laptop,Oficina,5,120000,5,4372459,Distribuidor,Cancelada
1012,2024-01-29,10,Laptop,Oficina,-1,-1000,0,2335959,Distribuidor,Cancelada
1192,2024-11-05,101,Monitor,Tecnología,0,-1000,5,4332117,???,
1135,2025-02-24,13,Laptop,Accesorios,2,350000,0,1781392,Distribuidor,Pendiente
1151,2025-02-07,70,Laptop,Tecnología,2,0,5,2389212,Tienda,Cancelada
1026,2024-05-10,71,Teclado,Oficina,10,0,50,2668852,Distribuidor,
1045,2024-10-23,36,Monitor,Tecnología,1,120000,110,1104244,???,
1154,2024-09-20,103,Impresora,Accesorios,10,0,0,335828,???,
1025,2024-05-13,95,Monitor,Oficina,10,0,10,4878267,Tienda,Completada
1107,2024-04-09,1,Impresora,Oficina,10,-1000,50,4468906,Tienda,
1237,2024-10-09,25,Monitor,Oficina,2,-1000,5,3843226,Distribuidor,Cancelada
1035,2024-06-25,30,Impresora,,2,350000,50,4741789,Online,Completada
1098,2025-03-21,48,Monitor,,10,-1000,10,986735,Distribuidor,Cancelada
1166,2024-01-24,81,Monitor,Accesorios,2,-1000,50,1836121,Distribuidor,Cancelada
1246,2024-04-04,59,Monitor,Oficina,5,0,0,2140107,Tienda,
1041,2024-04-16,88,Teclado,Tecnología,2,120000,110,1061568,???,Pendiente
1168,2024-05-16,11,Mouse,Oficina,2,350000,0,3926074,???,
1238,2024-08-24,5,Mouse,Tecnología,1,-1000,50,4781276,???,
1272,2025-03-22,25,Teclado,Tecnología,0,350000,5,4413402,Distribuidor,Cancelada
1274,2024-07-04,107,Mouse,Accesorios,-1,350000,110,1147305,???,
1011,2024-02-06,15,Monitor,,2,-1000,5,459847,Online,Cancelada
1195,2024-05-25,64,Laptop,Oficina,10,350000,5,2151582,Online,
1063,2024-09-23,2,Teclado,Tecnología,1,350000,5,2266106,Online,Completada
1219,2024-03-08,8,Laptop,Tecnología,-1,50000,5,3281084,Online,Completada
1207,2024-10-19,30,Mouse,Tecnología,0,-1000,10,2218507,Online,
1090,2024-09-03,97,Laptop,Tecnología,1,350000,110,2543769,???,
1105,2024-11-14,4,Laptop,,2,120000,5,358717,???,Cancelada
1247,2025-03-25,102,Laptop,Tecnología,10,120000,50,4681674,Distribuidor,Pendiente
1248,2024-10-28,20,Laptop,Oficina,2,0,5,2994646,Distribuidor,Pendiente
1248,2025-02-11,45,Laptop,Accesorios,5,350000,5,3914648,Tienda,Cancelada
1005,2024-09-27,38,Laptop,Oficina,0,120000,50,521532,???,Completada
1170,2025-01-15,55,Teclado,Oficina,0,-1000,50,2545908,Tienda,
1209,2024-12-02,29,Laptop,,0,0,50,2177408,Online,
1029,2024-12-01,78,Mouse,Oficina,1,50000,0,1448487,???,Completada
1150,2024-05-28,35,Mouse,,1,0,5,1049343,Distribuidor,Pendiente
1066,2025-02-24,47,Mouse,,-1,350000,5,445580,Distribuidor,Cancelada
1028,2025-02-28,116,Laptop,Accesorios,-1,120000,0,4244210,???,Pendiente
1066,2024-02-16,10,Monitor,Accesorios,2,50000,50,3507179,Distribuidor,Pendiente
1219,2024-07-21,12,Impresora,,5,0,5,2072730,Distribuidor,Pendiente
1114,2024-02-21,116,Impresora,Oficina,10,50000,10,1569285,Distribuidor,Pendiente
1002,2025-03-17,77,Laptop,,5,350000,0,2515230,Distribuidor,
1047,2024-10-20,119,Laptop,Accesorios,-1,350000,0,2248079,???,Pendiente
1166,2025-02-15,44,Impresora,Tecnología,10,120000,5,156651,Distribuidor,Completada
1210,2024-11-11,33,Impresora,,5,120000,110,2352516,Online,Pendiente
1040,2024-10-30,7,Laptop,Oficina,10,120000,110,958029,Online,
1183,2024-05-28,12,Impresora,Oficina,-1,0,50,2769856,Distribuidor,Pendiente
1118,2025-01-07,53,Monitor,,5,50000,10,1504293,???,Cancelada
1264,2024-04-27,84,Mouse,Oficina,10,-1000,0,3072115,Online,Cancelada
1038,2024-07-02,47,Mouse,Tecnología,2,50000,110,1794247,Distribuidor,Pendiente
1100,2025-02-06,111,Impresora,Tecnología,0,350000,110,3562682,Tienda,
1105,2024-11-16,50,Monitor,Accesorios,-1,0,50,885524,Distribuidor,
1071,2025-03-04,31,Mouse,Oficina,2,120000,50,1532643,Distribuidor,Completada
1061,2024-02-15,79,Mouse,,0,120000,10,2834900,Tienda,Cancelada
1079,2024-10-21,26,Teclado,,10,-1000,50,4865291,???,Completada
1197,2024-12-10,68,Impresora,Oficina,5,0,0,2283740,Distribuidor,
1099,2024-03-07,35,Monitor,Accesorios,10,350000,0,4302221,Tienda,Pendiente
1114,2024-01-19,100,Mouse,,5,50000,5,1782504,???,Cancelada
1248,2024-02-12,21,Impresora,Oficina,-1,-1000,110,2860796,Tienda,Completada
1046,2024-03-10,82,Mouse,Oficina,1,120000,0,4233155,Online,Pendiente
1049,2024-10-10,67,Mouse,Accesorios,2,350000,0,3739242,Distribuidor,Pendiente
1230,2024-08-10,88,Teclado,Accesorios,5,120000,10,223391,???,Cancelada
1199,2025-03-03,42,Monitor,Accesorios,0,50000,0,4396306,???,Cancelada
1243,2024-05-01,43,Teclado,Accesorios,2,0,110,4596606,Tienda,
1132,2024-12-11,62,Teclado,,0,50000,0,1819954,Distribuidor,
1268,2024-02-19,84,Teclado,Accesorios,1,-1000,0,1180372,Online,
1221,2024-05-06,7,Laptop,Oficina,5,350000,10,3583442,Tienda,Cancelada
1109,2024-10-03,18,Teclado,Oficina,0,50000,50,1037825,Tienda,Cancelada
1258,2024-04-05,118,Laptop,Oficina,10,350000,0,399383,Online,Pendiente
1073,2025-02-13,23,Mouse,,10,-1000,10,1134104,Tienda,Completada
1129,2024-10-16,66,Monitor,,10,120000,50,3149992,Tienda,Completada
1247,2024-10-23,9,Mouse,Oficina,-1,0,10,2332005,Distribuidor,Completada
1093,2024-06-02,66,Teclado,Tecnología,0,50000,50,1796520,Online,Pendiente
1221,2024-10-29,44,Impresora,Accesorios,2,0,50,1500804,???,
1133,2024-04-28,115,Teclado,,1,120000,5,4084062,???,Completada
1024,2024-04-17,41,Impresora,Accesorios,2,120000,50,1093636,Distribuidor,Completada
1254,2025-01-31,89,Mouse,,1,350000,50,2137715,Distribuidor,
1247,2024-08-20,5,Mouse,Accesorios,1,-1000,50,2501649,Tienda,Completada
1251,2024-11-21,97,Impresora,Tecnología,5,50000,50,4429378,Online,Completada
1055,2025-02-10,25,Teclado,Oficina,2,-1000,110,2358305,???,Completada
1173,2024-12-29,74,Impresora,,1,120000,50,3472973,Tienda,Cancelada
1140,2024-06-22,48,Monitor,Accesorios,-1,120000,0,2912448,Tienda,Cancelada
1165,2024-11-29,92,Teclado,Tecnología,1,350000,0,1375136,???,
1061,2024-02-27,35,Laptop,Accesorios,-1,0,5,4235598,Tienda,Cancelada
1139,2024-01-30,50,Laptop,Tecnología,2,350000,5,2689071,Online,Completada
1005,2024-02-24,29,Mouse,Tecnología,-1,350000,10,3611248,Online,Cancelada
1040,2024-04-20,112,Teclado,,10,120000,10,4645451,Online,Completada
1120,2024-03-22,38,Teclado,Oficina,2,350000,50,2733769,Tienda,Cancelada
1130,2024-12-03,10,Teclado,,5,350000,110,3168987,Tienda,Completada
1115,2024-10-17,78,Impresora,Accesorios,10,350000,10,1943934,Online,Pendiente
1162,2024-02-22,61,Monitor,Tecnología,1,0,5,4370094,Distribuidor,
1188,2024-09-06,9,Laptop,Tecnología,10,-1000,5,3823938,Tienda,
1177,2025-03-03,42,Impresora,Accesorios,0,120000,50,1407084,???,Cancelada
1101,2024-09-30,111,Mouse,Oficina,1,50000,0,473131,Online,Completada
1127,2024-03-09,5,Monitor,,0,50000,110,431121,Online,Cancelada
1017,2024-12-02,81,Monitor,Tecnología,0,120000,10,3406128,Online,
1113,2024-05-28,73,Teclado,Accesorios,-1,50000,10,3533763,Tienda,
1180,2024-02-01,43,Laptop,,10,120000,0,2205392,Distribuidor,Pendiente
1015,2024-02-14,60,Teclado,,-1,50000,110,1731603,Distribuidor,Completada
1214,2024-12-13,17,Impresora,Oficina,2,-1000,10,3451276,Tienda,
1212,2024-05-21,8,Monitor,Oficina,5,-1000,10,815348,Tienda,Cancelada
1250,2024-03-20,47,Impresora,Tecnología,-1,350000,5,1803194,Distribuidor,Pendiente
1121,2025-01-27,63,Laptop,,5,120000,110,770884,Distribuidor,Pendiente
1162,2024-08-27,8,Monitor,,5,0,50,814448,Tienda,Pendiente
1040,2024-05-20,7,Laptop,Accesorios,2,0,0,845371,Tienda,Cancelada
1132,2024-12-12,9,Teclado,,2,-1000,110,1526332,Online,Cancelada
1099,2024-10-07,91,Monitor,Accesorios,10,120000,0,3484225,???,
1205,2025-03-15,100,Monitor,Tecnología,1,350000,50,4232047,Tienda,Completada
1011,2024-01-17,118,Laptop,,10,350000,10,3580782,???,
1107,2024-05-17,34,Laptop,Accesorios,2,0,5,280353,Tienda,
1007,2024-03-10,25,Impresora,Oficina,10,50000,10,4626792,Tienda,Pendiente
1094,2024-03-31,44,Teclado,Accesorios,10,0,50,881821,???,Cancelada
1266,2024-10-19,2,Monitor,Oficina,5,120000,110,3328995,Distribuidor,
1124,2024-01-29,12,Mouse,Oficina,1,-1000,10,1761822,???,Cancelada
1128,2024-04-15,61,Impresora,Accesorios,10,350000,5,4588885,Online,Completada
1206,2024-03-13,52,Teclado,Oficina,5,350000,0,3381324,Distribuidor,Cancelada
1229,2024-08-21,92,Laptop,Accesorios,-1,350000,50,2957546,Tienda,Pendiente
1011,2024-07-15,72,Impresora,Accesorios,1,350000,50,3909169,Online,
1094,2024-04-29,87,Impresora,Oficina,-1,350000,50,3457114,???,
1170,2024-05-20,60,Mouse,,-1,0,5,3265399,???,Cancelada
1254,2024-08-08,115,Impresora,Oficina,10,350000,10,4457952,Online,Cancelada
1010,2024-04-19,56,Monitor,Tecnología,1,0,0,4580072,Distribuidor,
1094,2024-10-11,102,Mouse,Accesorios,10,50000,50,900799,Online,Pendiente
1190,2024-10-08,69,Mouse,Accesorios,5,50000,110,866561,Online,Completada
1180,2025-01-21,58,Teclado,Tecnología,5,50000,5,1836848,Tienda,
1237,2025-02-12,73,Impresora,Tecnología,-1,50000,5,895772,Distribuidor,Cancelada
1011,2025-01-27,17,Teclado,Oficina,-1,0,5,798506,???,Pendiente
1189,2024-02-12,12,Impresora,Oficina,0,-1000,0,4426007,Distribuidor,Completada
1051,2025-02-11,13,Mouse,Accesorios,1,350000,5,2576296,Distribuidor,Cancelada
1060,2024-08-20,77,Monitor,Tecnología,-1,-1000,50,2309185,Online,Completada
1136,2024-03-07,38,Laptop,Oficina,2,50000,10,810332,Online,Pendiente
1184,2024-04-03,99,Mouse,,0,50000,50,3580570,???,
1067,2024-04-07,106,Teclado,,5,-1000,110,2407682,Online,Cancelada
1262,2024-01-16,59,Teclado,Tecnología,2,50000,50,880774,Distribuidor,Completada
1059,2024-06-02,32,Laptop,Accesorios,10,0,110,1844988,Distribuidor,Completada
1190,2025-02-21,33,Mouse,Tecnología,2,-1000,0,56181,Online,Cancelada
1095,2024-01-28,85,Laptop,,10,350000,110,3844810,???,Completada
1157,2024-01-11,69,Laptop,Accesorios,-1,-1000,50,78367,???,Cancelada
1173,2024-08-17,36,Teclado,,1,350000,5,202522,???,Cancelada
1271,2024-05-03,113,Laptop,Accesorios,-1,350000,50,262831,Online,
1201,2024-04-13,19,Laptop,Accesorios,-1,50000,10,3545050,Tienda,Completada
1060,2024-07-29,59,Impresora,,2,50000,0,1893832,Tienda,Pendiente
1112,2024-07-19,111,Laptop,Tecnología,-1,50000,110,1163824,Tienda,Completada
1138,2024-11-24,118,Impresora,Oficina,2,0,10,3377860,Tienda,Cancelada
1166,2024-03-01,40,Monitor,Accesorios,-1,120000,10,1646254,Distribuidor,Pendiente
1108,2024-07-31,27,Laptop,Tecnología,0,0,10,2198063,Distribuidor,Pendiente
1126,2024-03-16,64,Impresora,Tecnología,1,50000,10,2461569,Online,Cancelada
1223,2024-11-11,39,Monitor,,10,350000,10,1645456,Online,Cancelada
1088,2024-05-13,87,Impresora,Oficina,2,50000,50,2923461,Online,Completada
1051,2024-11-10,107,Mouse,Oficina,2,350000,5,-78390,Tienda,Pendiente
1003,2024-11-06,115,Impresora,,5,350000,110,2330446,???,Pendiente
1068,2025-03-13,64,Teclado,Tecnología,10,350000,10,547659,Tienda,
1180,2024-02-25,35,Impresora,,-1,0,110,3211172,Online,Completada
1097,2024-06-19,27,Teclado,,0,0,5,4505686,Online,Completada
1118,2024-05-16,32,Impresora,Tecnología,1,50000,10,1734304,???,Completada
1004,2024-07-19,32,Mouse,Tecnología,-1,0,50,1595211,Distribuidor,Cancelada
1019,2024-01-12,25,Laptop,Oficina,10,350000,10,1074173,Distribuidor,Pendiente
1004,2025-03-18,104,Monitor,Oficina,5,120000,50,1093216,Tienda,Cancelada
1124,2024-03-09,94,Mouse,Accesorios,1,120000,50,2158143,???,Pendiente
1214,2024-02-05,30,Teclado,Accesorios,10,350000,0,1507426,???,
1119,2024-01-05,3,Monitor,Oficina,5,50000,0,50854,Online,Pendiente
1168,2024-07-17,46,Laptop,Accesorios,-1,120000,110,4118951,Distribuidor,
1182,2024-11-21,72,Laptop,,-1,350000,50,4201075,???,
1179,2025-02-03,84,Impresora,,1,0,50,3924059,Distribuidor,
1212,2024-11-26,100,Impresora,,0,50000,10,1545553,Distribuidor,Pendiente
1274,2024-07-07,26,Laptop,Tecnología,0,0,5,4978629,???,Pendiente
1027,2024-06-22,118,Impresora,,5,0,5,554524,???,Pendiente
1202,2025-03-19,86,Mouse,Oficina,10,350000,50,2706186,Tienda,
1082,2024-10-12,76,Mouse,Accesorios,5,-1000,110,4988336,Tienda,Cancelada
1254,2025-02-24,108,Teclado,Accesorios,-1,-1000,110,948160,???,Pendiente
1088,2024-01-04,41,Impresora,Tecnología,1,50000,10,589658,Tienda,Completada
1116,2024-05-04,67,Impresora,Oficina,0,120000,110,2998298,Tienda,Pendiente
1120,2025-02-02,95,Laptop,Oficina,2,0,50,4003739,Tienda,
1111,2024-10-31,19,Impresora,Tecnología,1,120000,0,290881,Distribuidor,Cancelada
1005,2024-05-31,41,Impresora,Oficina,0,0,50,658009,???,Completada
1006,2024-08-05,53,Impresora,Accesorios,0,0,10,68784,Distribuidor,Cancelada
1022,2024-10-04,8,Impresora,Tecnología,10,50000,5,1310710,Tienda,Cancelada
1046,2024-07-01,57,Monitor,Oficina,10,-1000,50,3758625,Online,
1249,2025-01-10,1,Laptop,Oficina,10,-1000,110,4464295,Online,Cancelada
1191,2024-03-21,58,Mouse,Oficina,5,50000,50,3509383,Online,
1259,2024-05-30,78,Laptop,Oficina,5,120000,0,1283914,Tienda,
1002,2025-01-24,59,Teclado,Oficina,1,0,0,4914605,???,Cancelada
1216,2024-08-02,92,Monitor,,0,50000,50,-34371,Distribuidor,
1213,2024-10-10,85,Teclado,,1,120000,0,311444,Tienda,
1274,2025-01-24,118,Mouse,Accesorios,5,350000,0,863764,???,Pendiente
1057,2024-02-29,13,Mouse,Accesorios,1,-1000,110,2315774,Distribuidor,Cancelada
1154,2024-05-20,91,Mouse,Accesorios,10,0,5,776771,Online,Pendiente
1136,2024-11-17,62,Laptop,Tecnología,10,350000,0,1202167,???,Completada
1060,2024-11-08,103,Impresora,Accesorios,5,120000,110,4587676,Online,Pendiente
1052,2025-02-24,95,Monitor,,10,-1000,0,3754426,???,Cancelada
1110,2025-03-18,92,Teclado,Oficina,0,350000,110,2910516,Tienda,Completada
1046,2024-02-27,106,Teclado,Accesorios,-1,50000,110,792276,Online,Cancelada
1158,2024-06-23,96,Mouse,Accesorios,10,0,5,4003255,Tienda,Cancelada
1086,2024-07-18,67,Impresora,Tecnología,0,50000,50,2015436,Tienda,
1276,2024-03-22,70,Impresora,,1,0,110,451422,Online,Pendiente
1217,2025-03-03,118,Mouse,,10,0,110,453784,Online,Pendiente
1039,2024-07-19,88,Mouse,Oficina,1,120000,50,3861078,???,Completada
1237,2025-02-13,95,Impresora,Tecnología,0,0,50,271462,Tienda,
1024,2025-03-09,87,Mouse,Accesorios,2,0,5,2796365,???,
1043,2025-03-03,65,Laptop,Accesorios,0,0,50,3271493,Online,
1115,2025-02-20,64,Teclado,Oficina,-1,350000,10,3052149,Online,Pendiente
1109,2024-04-25,13,Impresora,Oficina,1,0,5,1854048,Distribuidor,
1184,2024-04-02,41,Impresora,Oficina,5,-1000,10,2993850,Distribuidor,Cancelada
1168,2025-03-14,15,Impresora,Oficina,-1,-1000,110,4128827,???,Completada
1109,2024-01-22,75,Mouse,,5,-1000,0,359232,Distribuidor,Completada
1143,2024-06-01,117,Monitor,Tecnología,5,-1000,110,294407,Distribuidor,Cancelada
1090,2025-03-09,1,Impresora,,1,0,10,756898,Distribuidor,
1083,2024-02-20,85,Teclado,Oficina,5,350000,0,1093304,Distribuidor,Completada
1107,2024-09-23,67,Monitor,Accesorios,0,-1000,0,1300059,Distribuidor,Completada
1074,2025-02-15,67,Teclado,Tecnología,5,50000,110,2913165,Tienda,Completada
1053,2024-10-26,17,Laptop,Accesorios,2,120000,5,2716581,Tienda,
1136,2024-11-11,80,Mouse,,5,-1000,5,1193780,Distribuidor,Pendiente
1072,2024-02-02,100,Teclado,Tecnología,0,50000,5,1959832,Online,Pendiente
1123,2024-07-19,41,Laptop,Oficina,0,-1000,5,258161,Distribuidor,Pendiente
1018,2024-10-21,107,Laptop,Tecnología,1,50000,50,3955644,Online,
1120,2025-03-22,112,Mouse,Oficina,10,0,5,4693651,Tienda,Completada
1129,2024-12-01,18,Mouse,Accesorios,-1,0,5,3940501,Tienda,
1096,2024-05-01,18,Laptop,Oficina,1,0,50,3394092,???,
1124,2024-08-12,37,Mouse,Accesorios,5,0,10,1856122,Tienda,Completada
1056,2024-04-29,99,Monitor,Accesorios,5,-1000,5,3925142,???,Cancelada
1117,2024-10-19,49,Monitor,Tecnología,5,120000,10,1522313,Distribuidor,Completada
1232,2024-10-20,105,Mouse,Oficina,-1,350000,10,13740,???,Completada
1237,2025-02-09,19,Mouse,Tecnología,0,350000,10,444036,Online,Completada
1022,2024-05-01,25,Monitor,Tecnología,5,350000,10,4947393,Online,Pendiente
1159,2024-02-02,9,Teclado,Oficina,2,0,10,1856579,Distribuidor,
1172,2024-01-19,59,Impresora,Accesorios,2,350000,5,3253934,Tienda,
1024,2024-10-13,67,Monitor,Accesorios,5,50000,5,4402269,Tienda,Completada
1242,2024-01-23,94,Impresora,Tecnología,10,-1000,0,1554088,Online,
1025,2024-02-13,31,Teclado,,2,50000,50,1933407,???,Completada
1167,2024-10-16,4,Teclado,,5,0,0,3377676,???,Completada
1229,2024-11-12,37,Laptop,Accesorios,0,50000,10,4060056,Tienda,Pendiente
1005,2024-04-24,12,Impresora,,1,50000,0,655408,Tienda,
1020,2025-03-20,80,Laptop,Tecnología,2,350000,5,784899,Online,
1150,2024-06-13,42,Impresora,Oficina,-1,50000,50,4007374,Tienda,Cancelada
1256,2025-01-20,53,Laptop,Tecnología,-1,350000,50,682420,Online,Completada
1014,2024-02-03,8,Mouse,Accesorios,2,50000,50,1425742,Tienda,
1151,2024-12-19,57,Laptop,Tecnología,5,120000,110,1829451,Tienda,Pendiente
1198,2025-01-13,29,Monitor,,1,50000,0,1738033,Tienda,Completada
1208,2024-03-30,15,Monitor,,5,0,0,277785,Online,
1221,2024-05-29,73,Monitor,Accesorios,2,0,50,3501076,???,Cancelada
1145,2024-08-06,37,Teclado,Oficina,-1,-1000,5,4810070,Distribuidor,Cancelada
1253,2025-01-03,76,Teclado,Tecnología,5,0,0,1778377,Tienda,
1053,2024-10-18,35,Teclado,,1,120000,50,3641775,Online,
1031,2024-09-23,25,Laptop,Accesorios,10,-1000,5,4923493,Online,Cancelada
1000,2024-01-02,115,Teclado,Accesorios,0,50000,50,1537810,Online,Cancelada
1229,2024-06-22,29,Laptop,,2,350000,50,3252193,???,Pendiente
1097,2024-04-26,111,Teclado,,0,-1000,5,1670297,Online,Cancelada
1054,2024-06-28,16,Laptop,Accesorios,10,350000,0,3311537,Distribuidor,Pendiente
1217,2024-05-09,105,Monitor,Oficina,-1,350000,10,2003549,Tienda,Pendiente
1121,2024-10-27,42,Laptop,Oficina,-1,120000,10,3915246,Tienda,Pendiente
1010,2024-06-22,85,Impresora,Accesorios,1,120000,0,2282478,Distribuidor,Pendiente
1255,2024-03-05,39,Mouse,,5,120000,5,704479,Online,
1071,2024-05-14,29,Laptop,Accesorios,1,50000,110,2733508,Tienda,Completada
1012,2024-11-01,38,Impresora,Tecnología,10,50000,5,664486,Distribuidor,Completada
1054,2025-03-07,33,Teclado,Oficina,2,0,10,314361,Distribuidor,Cancelada
1093,2024-08-11,28,Laptop,Accesorios,10,-1000,50,1898295,???,Pendiente
1094,2024-05-27,43,Monitor,Accesorios,10,350000,50,3416166,Tienda,Pendiente
1019,2025-02-26,76,Teclado,Accesorios,2,50000,5,4224901,Tienda,
1189,2024-04-19,87,Mouse,Tecnología,0,350000,5,4795124,Tienda,
1011,2024-06-12,48,Laptop,Tecnología,10,120000,5,828130,Online,
1238,2024-06-03,52,Mouse,,10,350000,50,1230460,???,Pendiente
1118,2024-12-12,71,Monitor,Accesorios,5,350000,50,2019365,Online,Pendiente
1251,2024-04-30,51,Monitor,Accesorios,2,50000,50,3929737,???,Pendiente
1081,2025-01-29,7,Monitor,Oficina,0,120000,50,3344629,Distribuidor,Completada
1162,2024-01-26,110,Laptop,,10,120000,0,1038309,???,
1135,2024-09-25,8,Monitor,,5,50000,110,1420178,Distribuidor,Cancelada
1207,2024-04-04,33,Laptop,Accesorios,0,-1000,0,1917535,Tienda,Cancelada
1235,2024-09-30,49,Teclado,Oficina,0,-1000,110,959182,???,Pendiente
1225,2024-05-19,36,Impresora,Tecnología,10,50000,50,3096404,Distribuidor,Pendiente
1181,2024-06-03,91,Mouse,,0,50000,110,522469,Distribuidor,Completada
1109,2024-05-26,110,Monitor,Tecnología,1,0,10,-17635,Distribuidor,Pendiente
1080,2024-06-06,6,Impresora,Accesorios,1,120000,0,2923121,Online,Cancelada
1068,2024-02-20,81,Impresora,Accesorios,10,120000,0,4663986,???,Cancelada
1261,2024-08-17,12,Impresora,Accesorios,0,350000,0,4614243,???,
1217,2024-06-12,47,Mouse,Accesorios,5,120000,5,2698817,Distribuidor,Pendiente
1170,2024-06-05,110,Impresora,Oficina,5,0,10,4434201,Tienda,
1113,2024-09-02,9,Impresora,Oficina,10,-1000,110,129927,Tienda,
1052,2025-02-02,82,Impresora,Tecnología,10,120000,10,4894631,Online,Completada
1058,2024-10-18,46,Teclado,Oficina,2,120000,10,1370075,Distribuidor,Cancelada
1012,2024-01-06,45,Mouse,Tecnología,0,120000,10,4701461,Tienda,Cancelada
1167,2024-04-07,24,Mouse,,0,0,5,3334494,???,Cancelada
1155,2024-03-16,69,Monitor,Oficina,0,120000,110,-67000,???,Completada
1083,2025-01-01,112,Teclado,,2,350000,50,2539481,Online,Cancelada
1220,2024-03-13,103,Impresora,Accesorios,-1,50000,0,4562800,???,Completada
1259,2024-12-18,4,Mouse,,0,120000,5,3329731,Tienda,Completada
1245,2024-11-04,55,Mouse,Oficina,5,120000,50,2623419,Distribuidor,
1114,2024-05-04,26,Teclado,,-1,120000,5,2339344,???,Completada
1012,2024-09-07,109,Laptop,,1,50000,5,2234171,Tienda,Pendiente
1080,2024-02-09,98,Impresora,Tecnología,5,0,5,2449581,Distribuidor,Cancelada
1225,2024-09-09,45,Teclado,Accesorios,2,120000,110,2140796,Tienda,Cancelada
1154,2024-01-13,104,Impresora,,1,350000,0,2384904,Online,Completada
1183,2024-04-08,87,Teclado,Oficina,2,350000,50,360509,Online,
1165,2024-08-24,83,Monitor,,-1,50000,5,4721487,???,
1072,2025-03-15,114,Laptop,Tecnología,2,350000,5,4241901,Distribuidor,Pendiente
1059,2025-02-25,48,Monitor,Oficina,1,-1000,5,2610113,???,
1262,2024-04-25,57,Impresora,Accesorios,-1,50000,110,2950468,Tienda,Pendiente
1268,2024-07-08,101,Teclado,Accesorios,0,50000,0,4918595,Distribuidor,
1242,2024-10-17,10,Monitor,,-1,0,50,3952114,???,Completada
1185,2025-01-16,83,Impresora,Oficina,1,350000,0,3722387,???,Completada
1051,2024-06-01,7,Impresora,Oficina,10,50000,0,1419765,Distribuidor,Cancelada
1150,2024-07-30,14,Teclado,,5,50000,5,3610207,???,Pendiente
1083,2024-09-17,31,Monitor,Accesorios,1,350000,110,1211712,Tienda,Cancelada
1009,2024-08-22,88,Laptop,Oficina,-1,50000,5,3813580,Online,
1067,2024-10-03,21,Impresora,Accesorios,1,350000,0,249912,Tienda,Cancelada
1044,2025-02-06,115,Impresora,Oficina,10,50000,10,4651590,???,Completada
1207,2024-10-16,98,Monitor,Oficina,1,-1000,0,2217549,Online,Pendiente
1084,2024-03-25,21,Impresora,Tecnología,5,120000,5,1267850,Online,
1103,2024-08-14,19,Laptop,Oficina,0,350000,10,2262253,Tienda,Pendiente
1035,2025-02-15,30,Impresora,Tecnología,0,-1000,50,4105163,Distribuidor,Pendiente
1224,2024-03-18,39,Monitor,Tecnología,2,0,10,909872,Distribuidor,Completada
1144,2024-08-18,111,Monitor,,-1,350000,50,4217542,Distribuidor,Completada
1096,2025-03-07,83,Laptop,,2,50000,5,4401241,???,
1123,2024-03-15,75,Impresora,Accesorios,2,120000,5,3997626,Distribuidor,Completada
1258,2024-09-05,76,Monitor,Tecnología,10,-1000,0,2103751,Online,Pendiente
1189,2024-12-02,42,Laptop,Tecnología,2,-1000,10,16350,Tienda,
1173,2024-12-15,52,Laptop,Oficina,0,0,5,3700901,Online,Cancelada
1246,2025-01-23,13,Monitor,Accesorios,10,0,0,2277027,Tienda,Pendiente
1207,2024-08-13,6,Laptop,Oficina,2,120000,10,636307,Tienda,
1256,2024-04-05,95,Laptop,Oficina,2,120000,50,3933149,Tienda,Cancelada
1050,2024-12-24,64,Monitor,Oficina,-1,120000,110,2737254,Tienda,Pendiente
1086,2024-12-09,68,Impresora,Accesorios,10,50000,0,907765,???,Completada
1272,2025-01-29,69,Teclado,Accesorios,10,50000,110,585874,Tienda,Cancelada
1190,2025-01-15,105,Teclado,Accesorios,10,120000,50,3851466,Distribuidor,Pendiente
1169,2024-10-12,20,Laptop,Accesorios,-1,50000,10,737548,Tienda,Cancelada
1206,2025-01-11,68,Monitor,,2,-1000,50,1158861,Online,Completada
1234,2025-01-21,17,Teclado,Accesorios,0,-1000,50,2369439,???,Pendiente
1153,2024-01-12,22,Teclado,Oficina,0,0,110,4657218,???,Completada
1166,2024-07-16,25,Laptop,,2,-1000,5,3451911,Online,Cancelada
1200,2024-07-20,40,Laptop,Oficina,-1,120000,50,2207046,Distribuidor,Cancelada
1136,2024-04-21,44,Mouse,Tecnología,10,50000,50,2752732,Distribuidor,Cancelada
1219,2024-12-06,37,Laptop,Tecnología,-1,50000,50,4721513,Distribuidor,
1162,2025-02-15,17,Impresora,Oficina,-1,350000,5,1640197,Online,Completada
1017,2025-03-03,5,Impresora,Oficina,10,-1000,110,953954,Online,Pendiente
1195,2024-04-07,106,Teclado,Tecnología,5,-1000,10,1245500,???,Pendiente
1161,2024-11-21,37,Monitor,Oficina,2,50000,10,3670351,???,Completada
1227,2024-02-11,1,Mouse,Oficina,1,-1000,110,3803921,Online,
1228,2024-09-07,58,Impresora,Tecnología,-1,0,110,126150,Tienda,Cancelada
1126,2024-12-11,75,Monitor,Tecnología,2,-1000,110,774220,Tienda,Completada
1134,2024-12-18,83,Laptop,Oficina,0,350000,50,4506965,???,Pendiente
1111,2024-02-12,21,Laptop,Oficina,-1,0,10,1939717,Online,Completada
1181,2024-11-08,89,Monitor,Tecnología,0,0,0,4484411,???,Pendiente
1233,2024-08-15,110,Monitor,Tecnología,1,-1000,0,540043,???,Pendiente
1268,2024-07-23,46,Monitor,,1,0,110,275427,Distribuidor,Cancelada
1265,2024-07-24,89,Mouse,Tecnología,10,0,0,2880515,Online,
1224,2024-02-28,2,Laptop,Accesorios,5,350000,110,2587891,Tienda,Cancelada
1098,2024-05-06,89,Mouse,Tecnología,1,120000,110,3209472,???,Cancelada
1262,2024-11-09,86,Teclado,Tecnología,0,0,5,618587,Tienda,Cancelada
1245,2024-11-04,47,Laptop,Oficina,0,350000,5,3145695,Distribuidor,Completada
1233,2024-03-28,91,Laptop,,1,0,0,45072,Tienda,Completada
1204,2024-12-23,3,Mouse,,1,0,5,3985940,???,Pendiente
1099,2024-04-09,58,Impresora,,0,350000,0,1874061,Online,
1237,2024-03-31,57,Mouse,Oficina,0,-1000,5,3697077,Online,Cancelada
1131,2024-06-14,12,Monitor,Accesorios,2,-1000,0,550566,Distribuidor,
1009,2024-10-03,116,Teclado,Oficina,-1,-1000,0,3747061,Online,Completada
1088,2024-07-17,20,Mouse,,0,120000,0,2128917,???,
1008,2024-12-03,90,Laptop,Accesorios,2,-1000,10,2299609,Distribuidor,Completada
1152,2024-11-19,45,Teclado,Tecnología,1,120000,5,2800786,Distribuidor,Completada
1091,2024-02-06,45,Impresora,Tecnología,0,-1000,10,3626751,Distribuidor,
1036,2025-03-13,106,Impresora,Tecnología,1,350000,5,2544224,Tienda,Completada
1227,2025-02-09,51,Teclado,Oficina,5,120000,0,18609,Tienda,Pendiente
1088,2024-05-19,71,Mouse,Oficina,-1,0,5,2483294,Distribuidor,Completada
1076,2024-03-19,110,Teclado,,10,350000,5,4589136,Online,Cancelada
1138,2024-06-19,86,Teclado,,1,50000,10,1017826,???,Cancelada
1030,2024-10-07,88,Impresora,,0,120000,10,3527876,Tienda,Completada
1082,2024-05-28,108,Impresora,,0,350000,0,200,Distribuidor,Pendiente
1255,2024-01-16,53,Monitor,Oficina,-1,50000,50,857975,???,
1021,2025-03-18,75,Teclado,Tecnología,0,50000,50,3267295,Tienda,Pendiente
1208,2024-11-16,62,Impresora,Oficina,10,350000,110,4163777,Online,Completada
1126,2024-12-05,61,Monitor,Oficina,5,120000,110,-64896,Tienda,Pendiente
1026,2024-02-08,39,Laptop,Tecnología,0,-1000,10,4791348,Online,Cancelada
1142,2024-12-13,112,Mouse,Tecnología,5,120000,10,522102,???,
1238,2024-12-25,115,Impresora,Tecnología,2,0,10,2063328,???,Cancelada
1247,2024-09-02,13,Teclado,,10,0,110,3632367,Online,Pendiente
1176,2025-03-25,57,Impresora,,-1,-1000,5,1267608,Distribuidor,
1269,2024-05-09,22,Teclado,Accesorios,2,50000,0,54686,Distribuidor,Cancelada
1042,2024-06-18,92,Mouse,Tecnología,1,0,0,278102,???,Completada
1187,2024-05-13,8,Teclado,Oficina,2,50000,50,4985731,???,
1216,2024-08-20,13,Laptop,Accesorios,5,50000,10,2345024,Distribuidor,Pendiente
1150,2024-04-15,90,Laptop,Oficina,0,0,10,1260698,Distribuidor,Cancelada
1073,2024-02-16,66,Laptop,Tecnología,0,120000,10,1886730,Tienda,Completada
1172,2024-01-16,94,Monitor,Oficina,2,0,50,3938593,???,Completada
1189,2024-10-04,53,Monitor,,1,350000,10,1845924,???,Completada
1203,2025-01-16,69,Mouse,,0,0,10,3087012,Online,Cancelada
1236,2024-01-01,28,Mouse,Accesorios,5,350000,0,3142864,Tienda,Pendiente
1203,2025-03-08,16,Laptop,,2,50000,110,1808394,Tienda,Completada
1146,2024-03-28,14,Laptop,Oficina,5,120000,10,4790739,???,Cancelada
1153,2024-08-09,116,Laptop,Tecnología,2,120000,5,1587569,Online,
1225,2024-12-28,78,Impresora,Tecnología,2,120000,10,2737534,???,Pendiente
1083,2024-10-08,37,Laptop,Tecnología,0,0,5,1332167,Online,Completada
1217,2024-11-05,36,Mouse,Accesorios,2,350000,5,2207835,Tienda,Cancelada
1103,2025-01-27,99,Monitor,Tecnología,1,120000,10,4632905,Tienda,Cancelada
1203,2024-09-06,24,Monitor,Tecnología,2,0,110,3813521,Tienda,Cancelada
1047,2024-06-11,53,Monitor,Oficina,5,350000,50,3046646,Distribuidor,Completada
1267,2025-02-23,85,Mouse,Accesorios,2,0,110,648513,Distribuidor,Cancelada
1112,2024-05-09,19,Impresora,,10,120000,5,909137,Tienda,Cancelada
1195,2024-01-03,110,Monitor,Oficina,-1,-1000,110,2202194,Distribuidor,
1012,2024-06-01,54,Mouse,,1,120000,10,105003,Distribuidor,
1181,2024-09-11,19,Impresora,Accesorios,5,0,110,2081988,???,Cancelada
1012,2024-02-10,95,Monitor,Accesorios,2,350000,110,597203,Online,
1042,2024-05-21,36,Laptop,,-1,50000,10,3606601,???,Completada
1142,2024-08-05,96,Monitor,Accesorios,5,350000,110,1068557,Distribuidor,Pendiente
1123,2024-08-10,22,Monitor,Accesorios,10,120000,10,3838923,Online,Completada
1158,2024-09-27,79,Teclado,Accesorios,5,-1000,110,4232134,Tienda,Completada
1244,2024-10-07,20,Teclado,Oficina,1,50000,110,3638648,???,Completada
1243,2024-02-25,48,Laptop,Oficina,-1,-1000,110,3323807,Online,Completada
1276,2024-01-05,52,Impresora,Accesorios,-1,-1000,110,2775190,Tienda,Completada
1020,2025-03-17,108,Teclado,Accesorios,2,0,10,-97028,Online,
1120,2024-01-29,119,Impresora,,0,-1000,110,3042880,???,Completada
1033,2025-01-16,90,Impresora,,5,120000,50,83921,Online,
1051,2024-01-30,89,Laptop,Oficina,1,0,110,3029106,Tienda,Completada
1030,2024-07-16,114,Impresora,Accesorios,1,0,10,740498,Tienda,Cancelada
1152,2024-04-03,29,Mouse,,2,0,0,537479,Tienda,Cancelada
1255,2024-12-29,56,Laptop,Accesorios,10,-1000,10,2784032,???,Completada
1117,2024-12-31,28,Monitor,Accesorios,10,-1000,50,3565163,Tienda,Cancelada
1098,2024-01-09,14,Mouse,Accesorios,2,350000,5,2439229,???,Pendiente
1217,2024-10-11,25,Teclado,Accesorios,5,0,50,2255034,???,Pendiente
1211,2025-02-23,103,Teclado,Oficina,2,50000,110,940318,Tienda,
1000,2024-06-05,93,Monitor,Accesorios,1,120000,110,949132,Tienda,Completada
1180,2024-01-28,108,Monitor,,1,0,10,3755830,???,
1048,2024-11-28,29,Laptop,,5,120000,50,3087009,???,Cancelada
1035,2024-09-27,31,Laptop,Tecnología,10,-1000,5,700573,Tienda,Cancelada
1221,2024-03-11,3,Impresora,Tecnología,5,0,50,1830068,Online,Pendiente
1103,2024-06-22,63,Monitor,Oficina,2,50000,110,1051669,Distribuidor,Completada
1034,2024-01-10,75,Laptop,Oficina,2,350000,5,2596993,???,Pendiente
1145,2024-05-28,36,Impresora,,-1,0,110,2247162,Distribuidor,
1068,2024-06-06,27,Mouse,Tecnología,0,350000,110,717730,Online,
1208,2025-02-25,115,Monitor,Oficina,-1,120000,10,675193,Tienda,Pendiente
1156,2024-12-23,46,Laptop,,1,350000,5,2468773,Distribuidor,Pendiente
1225,2025-02-21,83,Impresora,Oficina,10,350000,10,3636452,Online,Pendiente
1240,2024-07-07,5,Teclado,Accesorios,0,50000,50,2007080,Distribuidor,Pendiente
1012,2024-04-19,74,Laptop,Oficina,5,120000,10,4298537,Distribuidor,Pendiente
1115,2024-05-17,61,Laptop,Accesorios,2,350000,10,3385087,???,
1003,2024-03-18,7,Laptop,,5,350000,50,3174691,Distribuidor,Completada
1197,2024-04-09,40,Teclado,Oficina,0,350000,10,1124065,Distribuidor,
1029,2024-12-18,115,Impresora,Accesorios,2,-1000,10,2104820,Distribuidor,Cancelada
1015,2024-12-18,43,Teclado,,0,120000,10,2800224,Online,Cancelada
1075,2024-08-07,82,Mouse,Oficina,10,-1000,10,158252,Distribuidor,Cancelada
1237,2024-03-25,71,Laptop,,1,-1000,110,991468,Online,Pendiente
1093,2024-05-08,65,Impresora,Accesorios,2,350000,0,4155034,Tienda,
1200,2024-09-18,87,Monitor,Tecnología,1,-1000,50,2629946,Tienda,Completada
1259,2024-09-09,110,Laptop,Tecnología,-1,350000,110,663683,???,Completada
1041,2024-12-17,42,Impresora,,10,350000,110,4573735,Tienda,
1093,2024-10-19,118,Impresora,Tecnología,2,0,5,1919303,???,Cancelada
1002,2025-03-20,113,Teclado,Tecnología,5,120000,0,3840472,Online,Completada
1150,2024-05-16,34,Laptop,,0,-1000,50,3219041,Tienda,
1056,2024-06-11,59,Mouse,Tecnología,1,0,5,200303,???,Completada
1155,2024-03-04,65,Impresora,Accesorios,5,50000,10,4815220,Distribuidor,
1120,2024-08-10,101,Impresora,Tecnología,0,120000,5,4050307,???,
1135,2024-11-12,10,Impresora,Accesorios,-1,350000,10,309590,???,Cancelada
1250,2024-01-31,90,Mouse,Tecnología,5,350000,0,4619291,Tienda,Cancelada
1174,2024-12-23,76,Impresora,Tecnología,0,0,5,1312237,Distribuidor,
1090,2024-06-05,108,Teclado,Accesorios,-1,-1000,10,2556488,Online,Cancelada
1213,2025-02-28,57,Impresora,Oficina,10,350000,50,1351612,Tienda,Pendiente
1276,2025-03-01,98,Mouse,Accesorios,0,0,110,2269617,Tienda,Cancelada
1251,2025-02-04,119,Impresora,,10,-1000,10,2754576,Distribuidor,
1130,2024-08-20,66,Monitor,Accesorios,10,0,5,4852075,???,Completada
1103,2024-04-29,20,Teclado,Oficina,2,50000,110,1215570,Online,
1241,2024-03-18,15,Impresora,Oficina,10,120000,110,3691081,???,Completada
1131,2024-02-05,33,Teclado,Oficina,2,50000,50,391961,Tienda,Pendiente
1145,2024-03-31,109,Mouse,Accesorios,-1,50000,110,3937568,Online,Cancelada
1249,2024-11-28,21,Laptop,Oficina,10,50000,110,337722,???,Pendiente
1051,2024-05-14,80,Teclado,,10,350000,50,494941,Online,Cancelada
1195,2025-03-25,86,Laptop,Oficina,-1,350000,5,3173801,Distribuidor,
1026,2025-02-12,92,Monitor,Accesorios,10,0,10,348230,???,Pendiente
1133,2024-01-15,63,Monitor,Tecnología,5,-1000,0,1226542,Tienda,
1180,2024-08-24,65,Monitor,,1,350000,110,851789,Online,Pendiente
1119,2024-06-01,111,Teclado,Oficina,-1,0,10,2400018,???,Completada
1247,2025-03-14,30,Monitor,Oficina,10,350000,50,432495,Tienda,Pendiente
1104,2024-08-17,55,Impresora,Oficina,10,-1000,10,1166766,Online,
1243,2024-05-24,118,Monitor,Oficina,2,0,50,2717201,Online,Cancelada
1065,2025-01-03,54,Monitor,Tecnología,1,-1000,10,788012,Tienda,Pendiente
1092,2024-07-24,81,Mouse,,0,50000,10,285060,Tienda,Cancelada
1058,2024-05-15,60,Impresora,Oficina,5,120000,0,476035,Tienda,
1199,2024-03-21,18,Monitor,Tecnología,1,-1000,50,3590594,Online,Pendiente
1068,2024-04-20,109,Impresora,Oficina,0,-1000,10,152703,Distribuidor,Completada
1112,2024-11-04,14,Teclado,Tecnología,0,0,10,467256,Online,
1236,2024-01-16,44,Mouse,,2,0,10,2360691,Online,
1079,2024-03-25,53,Monitor,Accesorios,1,350000,5,4826664,???,
1189,2024-12-19,114,Teclado,Accesorios,-1,350000,110,3185952,Online,
1245,2024-08-06,34,Teclado,Tecnología,2,-1000,50,2756956,???,
1114,2024-04-19,112,Teclado,Tecnología,5,-1000,10,4919000,Distribuidor,Completada
1023,2024-07-11,112,Impresora,Oficina,10,50000,5,3094242,Distribuidor,
1137,2024-03-03,13,Impresora,Tecnología,1,350000,0,3517519,Tienda,Pendiente
1039,2024-03-07,56,Teclado,,2,350000,5,4902698,Tienda,Pendiente
1248,2024-05-14,108,Laptop,,-1,350000,10,1629183,???,Completada
1009,2025-02-13,114,Laptop,Tecnología,0,-1000,0,536030,Tienda,Cancelada
1067,2024-06-14,83,Impresora,Accesorios,10,350000,110,4930871,Tienda,Cancelada
1226,2024-10-20,64,Laptop,Accesorios,-1,-1000,5,4535770,Distribuidor,
1252,2025-02-12,36,Teclado,,0,50000,10,2173753,Online,Pendiente
1153,2025-03-25,51,Monitor,Oficina,2,120000,50,784276,Distribuidor,Cancelada
1127,2024-08-18,112,Impresora,,2,-1000,50,3257135,Tienda,
1116,2024-07-10,103,Laptop,,1,-1000,50,4114816,Tienda,Cancelada
1044,2024-11-29,76,Laptop,Tecnología,5,-1000,50,3450911,Online,Completada
1047,2024-05-28,61,Teclado,Oficina,1,-1000,5,4198019,???,Completada
1246,2024-04-08,50,Mouse,Accesorios,2,350000,0,3365913,Tienda,
1128,2024-12-31,56,Impresora,Oficina,0,50000,10,1773408,Tienda,Completada
1158,2024-05-12,47,Teclado,Oficina,-1,50000,50,3476585,Tienda,Pendiente
1232,2024-03-30,95,Impresora,,1,120000,110,298121,Online,Completada
1145,2025-03-24,59,Impresora,,10,120000,10,2516201,???,Pendiente
1240,2024-06-17,24,Impresora,Oficina,0,-1000,10,2726086,Distribuidor,Completada
1217,2025-02-13,102,Teclado,Accesorios,-1,50000,10,3578266,Distribuidor,Cancelada
1027,2024-07-10,109,Teclado,Accesorios,2,350000,5,406055,Online,Pendiente
1268,2024-10-07,106,Impresora,Accesorios,1,-1000,0,3008910,Distribuidor,Pendiente
1115,2024-01-27,61,Mouse,Accesorios,2,0,5,476839,Distribuidor,Cancelada
1252,2024-10-25,12,Laptop,Accesorios,0,350000,110,1712347,???,Pendiente
1007,2025-01-21,79,Impresora,Oficina,2,120000,0,3172791,???,Pendiente
1080,2024-08-15,55,Mouse,Accesorios,0,-1000,0,3108991,Online,Cancelada
1219,2025-03-21,59,Impresora,Tecnología,2,120000,50,3772210,Distribuidor,Cancelada
1267,2024-11-23,16,Mouse,Tecnología,2,0,10,538259,Tienda,
1180,2024-08-07,7,Monitor,Tecnología,2,-1000,0,1677134,Tienda,Cancelada
1273,2024-03-26,44,Monitor,Oficina,5,-1000,50,18059,Tienda,Cancelada
1159,2024-12-01,91,Impresora,,10,120000,110,3450571,Distribuidor,Pendiente
1176,2025-03-04,14,Monitor,Oficina,-1,120000,10,1551023,Online,Completada
1043,2025-02-23,57,Laptop,Accesorios,-1,-1000,5,1054833,Online,
1133,2024-04-02,15,Monitor,Tecnología,5,120000,0,4277661,Distribuidor,Completada
1150,2024-04-05,65,Laptop,,1,-1000,110,1880930,Tienda,
1242,2024-04-01,17,Monitor,Tecnología,-1,350000,0,2503990,Online,
1200,2024-01-31,66,Mouse,Tecnología,10,120000,0,411071,???,Completada
1063,2025-02-23,11,Monitor,Tecnología,1,120000,10,3089276,Tienda,Completada
1214,2024-12-02,19,Laptop,Oficina,10,0,5,4027951,???,Pendiente
1128,2025-01-20,50,Monitor,,-1,350000,5,1268228,Distribuidor,Completada
1015,2025-01-27,7,Mouse,Tecnología,0,0,0,4213737,Online,Pendiente
1202,2024-08-04,57,Mouse,Tecnología,1,-1000,5,4169148,Tienda,
1263,2024-07-27,105,Impresora,Accesorios,0,120000,5,4880725,???,Pendiente
1032,2024-04-20,65,Teclado,Tecnología,5,-1000,5,4051140,Online,
1238,2025-02-13,63,Teclado,,-1,350000,0,1303708,???,Cancelada
1011,2025-02-19,79,Laptop,Tecnología,5,120000,110,1012303,Distribuidor,Cancelada
1095,2024-06-21,116,Monitor,Oficina,-1,350000,50,1671794,???,Cancelada
1003,2024-12-31,65,Laptop,,5,50000,0,3073743,Tienda,
1002,2024-02-04,27,Mouse,Accesorios,1,0,50,90478,???,
1058,2024-04-28,44,Monitor,Accesorios,10,350000,50,149249,Online,Completada
1266,2024-01-26,19,Teclado,,-1,-1000,10,3697647,Tienda,Pendiente
1060,2025-03-21,92,Monitor,Tecnología,-1,-1000,50,1815783,Online,Pendiente
1189,2024-08-29,90,Mouse,Tecnología,10,50000,110,2823974,Tienda,Completada
1066,2024-01-08,33,Laptop,Tecnología,1,50000,0,4141479,Tienda,
1033,2024-01-26,34,Monitor,Accesorios,2,0,110,2453022,Online,Cancelada
1041,2024-01-31,70,Laptop,,5,0,5,4864003,???,
1049,2025-03-22,47,Monitor,,10,0,0,1429654,Tienda,Cancelada
1278,2024-09-26,84,Teclado,Oficina,1,-1000,0,3308442,Distribuidor,Completada
1258,2024-01-11,4,Laptop,Tecnología,0,350000,110,2126308,Online,Cancelada
1010,2024-02-23,18,Monitor,Accesorios,5,0,0,2762329,Online,
1172,2025-02-26,85,Teclado,,5,0,50,3474144,Online,Pendiente
1035,2024-06-16,3,Teclado,Oficina,0,-1000,50,3267713,???,Cancelada
1263,2024-10-06,101,Laptop,,1,0,0,4974790,???,Completada
1079,2025-01-03,87,Teclado,Oficina,2,-1000,110,352756,Online,Pendiente
1214,2024-07-27,32,Laptop,Accesorios,2,-1000,5,387980,???,
1039,2024-11-15,98,Impresora,,2,-1000,50,3186675,???,
1046,2024-12-03,62,Teclado,Accesorios,5,350000,50,3227132,Online,
1059,2025-02-23,4,Laptop,Accesorios,10,50000,0,3298565,???,Completada
1223,2024-02-28,100,Teclado,Tecnología,0,-1000,5,1847518,Distribuidor,
1122,2025-02-23,10,Monitor,Accesorios,2,50000,5,4649421,Distribuidor,Pendiente
1105,2024-05-12,17,Mouse,Accesorios,2,350000,10,2885883,Tienda,Pendiente
1169,2024-05-15,65,Monitor,Tecnología,10,350000,10,4456802,???,Cancelada
1082,2024-09-28,14,Monitor,Oficina,10,50000,0,2364538,Online,Completada
1177,2024-05-14,119,Mouse,,5,-1000,0,-5852,???,Pendiente
1261,2025-03-14,115,Teclado,Oficina,-1,120000,0,4737297,Online,Completada
1069,2024-06-17,107,Teclado,Tecnología,5,0,5,4769815,Online,Pendiente
1055,2024-07-28,53,Laptop,,-1,350000,0,2069241,Distribuidor,
1206,2024-03-11,77,Impresora,Tecnología,-1,350000,110,4786989,Distribuidor,Cancelada
1199,2024-02-10,31,Impresora,Tecnología,2,50000,10,1051719,Distribuidor,Cancelada
1223,2024-04-28,39,Teclado,Oficina,0,0,110,3142022,???,Pendiente
1176,2024-07-04,115,Laptop,Tecnología,-1,0,110,4359370,Distribuidor,Cancelada
1142,2025-02-03,20,Monitor,Accesorios,5,0,110,2032255,???,Cancelada
1061,2024-08-31,87,Mouse,,-1,120000,10,78058,Online,
1225,2025-01-29,84,Laptop,Accesorios,2,350000,0,308958,Tienda,Completada
1188,2024-11-01,55,Monitor,Tecnología,1,50000,5,-94705,Distribuidor,Pendiente
1154,2024-05-24,116,Impresora,Tecnología,0,-1000,110,1825640,Online,Cancelada
1240,2025-03-04,27,Mouse,Tecnología,1,350000,5,3414403,Online,Completada
1201,2025-03-09,61,Mouse,Tecnología,0,50000,5,4362825,Online,Completada
1046,2024-06-17,20,Impresora,Accesorios,2,50000,110,4654431,Online,Cancelada
1051,2024-01-21,64,Monitor,Tecnología,1,0,5,2621979,Online,Completada
1248,2024-08-04,102,Teclado,,5,50000,110,2866061,Tienda,
1126,2024-02-26,77,Teclado,Tecnología,-1,50000,5,1609923,???,Pendiente
1193,2024-02-02,38,Mouse,Oficina,1,350000,10,4178856,Tienda,Completada
1000,2024-06-28,117,Teclado,Accesorios,-1,120000,5,1470332,Online,Completada
1062,2024-05-15,20,Monitor,,-1,-1000,0,2596764,Distribuidor,Completada
1055,2024-08-13,100,Mouse,Accesorios,-1,-1000,10,4868040,Online,Pendiente
1124,2024-01-27,32,Mouse,Oficina,0,50000,10,1985549,Online,Pendiente
1008,2024-11-17,71,Teclado,,5,120000,110,4057692,Tienda,Cancelada
1185,2024-12-04,78,Laptop,Oficina,1,350000,10,438115,Online,Pendiente
1070,2024-02-16,71,Teclado,,5,0,50,4935442,Online,
1167,2024-06-11,27,Impresora,Oficina,-1,-1000,10,1767095,Online,
1180,2024-02-05,43,Laptop,Oficina,1,350000,50,4073939,Online,Completada
1066,2024-07-17,81,Laptop,Oficina,5,-1000,5,3924999,???,Cancelada
1160,2024-09-06,94,Impresora,Accesorios,1,-1000,50,2840317,Distribuidor,
1240,2024-05-10,63,Mouse,,-1,350000,110,2986635,Tienda,Pendiente
1215,2024-06-27,56,Teclado,Tecnología,1,-1000,50,1367809,???,Pendiente
1228,2024-08-07,89,Laptop,,10,120000,110,3779224,Tienda,Pendiente
1043,2024-10-24,34,Impresora,Accesorios,1,120000,5,4619415,Tienda,Completada
1031,2024-04-07,21,Teclado,Tecnología,2,120000,10,3399199,Tienda,Cancelada
1220,2024-09-16,94,Mouse,Accesorios,2,50000,10,3655649,Online,Pendiente
1186,2025-03-08,113,Teclado,,10,-1000,10,1835918,Online,
1010,2024-03-05,67,Impresora,Accesorios,0,0,110,3274658,???,Cancelada
1022,2024-02-08,114,Mouse,Oficina,5,350000,50,3583313,???,Cancelada
1217,2024-08-28,75,Teclado,,2,50000,110,1297976,Online,Completada
1013,2024-02-12,72,Mouse,Accesorios,1,0,5,3788563,Tienda,
1188,2024-12-05,2,Monitor,Tecnología,1,50000,5,4438451,Tienda,Completada
1060,2024-01-03,78,Laptop,Oficina,-1,350000,50,4610260,Distribuidor,
1012,2024-07-21,47,Impresora,Tecnología,10,-1000,110,2363575,Tienda,
1117,2024-06-19,33,Impresora,Tecnología,5,-1000,0,4038273,Online,
1012,2024-07-16,107,Mouse,Oficina,10,50000,5,3761812,Tienda,Pendiente
1058,2024-02-14,48,Laptop,,5,120000,110,2971124,Tienda,Completada
1077,2025-01-30,71,Teclado,Oficina,5,0,0,4927255,???,Cancelada
1173,2024-03-11,56,Monitor,Oficina,5,50000,10,3214158,Online,Cancelada
1079,2024-12-04,43,Monitor,,1,350000,5,722046,Tienda,
1154,2024-10-03,69,Monitor,,5,50000,110,3617259,Online,
1228,2024-08-26,118,Teclado,Oficina,10,-1000,0,1399152,Online,Pendiente
1142,2024-02-02,28,Monitor,Tecnología,1,0,0,4912281,Distribuidor,Completada
1139,2024-06-05,60,Mouse,Tecnología,10,0,5,4472388,???,Cancelada
1020,2025-02-19,77,Laptop,,2,120000,0,1161331,Distribuidor,Completada
1147,2025-02-14,6,Laptop,,2,0,50,252132,Distribuidor,Pendiente
1246,2024-08-29,32,Teclado,Tecnología,5,350000,50,3565284,Tienda,
1068,2024-12-23,106,Monitor,Oficina,-1,120000,5,3498352,Online,
1163,2024-01-17,75,Teclado,,5,50000,110,437512,Distribuidor,Completada
1119,2025-01-06,58,Monitor,Accesorios,5,0,5,2131434,Tienda,
1136,2024-05-22,113,Monitor,,2,350000,10,4485946,Distribuidor,
1234,2024-06-18,61,Laptop,Tecnología,0,-1000,0,4918893,Online,Cancelada
1194,2024-06-03,75,Impresora,Oficina,10,120000,110,947776,Online,
1151,2024-10-31,3,Teclado,Tecnología,2,350000,5,1820549,Tienda,Completada
1218,2024-06-30,74,Monitor,Tecnología,5,-1000,5,908884,Online,
1196,2024-04-14,41,Teclado,,0,-1000,10,4605929,Distribuidor,Completada
1070,2024-10-21,116,Monitor,Accesorios,10,0,5,3102999,Tienda,Cancelada
1252,2024-01-07,21,Mouse,,0,50000,50,4331125,Distribuidor,Cancelada
1142,2024-04-10,41,Laptop,Accesorios,-1,120000,10,2447570,???,Pendiente
1190,2024-09-14,51,Teclado,,5,-1000,50,3232024,Tienda,
1043,2024-04-19,32,Mouse,Tecnología,1,350000,110,4466463,Tienda,Cancelada
1045,2024-12-09,42,Mouse,,10,-1000,5,1673235,Tienda,Completada
1003,2024-07-03,35,Impresora,Tecnología,-1,120000,0,4932401,Online,Cancelada
1120,2024-02-25,9,Laptop,,2,0,5,1739324,Online,Cancelada
1276,2025-01-12,72,Mouse,,1,120000,110,1994956,Tienda,Completada
1231,2024-12-21,100,Monitor,Oficina,5,120000,0,1617118,Distribuidor,Completada
1181,2024-02-23,75,Impresora,Tecnología,-1,350000,0,4217297,Distribuidor,Cancelada
1145,2024-06-30,42,Laptop,Oficina,2,-1000,5,1503491,Tienda,Completada
1230,2024-09-19,16,Monitor,Oficina,5,50000,50,1806433,Online,
1094,2025-02-13,29,Monitor,Oficina,-1,50000,50,743360,Distribuidor,Pendiente
1020,2024-05-26,49,Impresora,Accesorios,5,0,5,3874771,???,
1066,2025-01-25,37,Impresora,Tecnología,1,120000,0,-38539,Online,Completada
1149,2025-01-14,14,Monitor,Tecnología,2,120000,50,103273,Online,Cancelada
1115,2024-07-07,50,Impresora,,10,120000,0,2194377,???,Completada
1214,2024-07-23,72,Teclado,Accesorios,2,50000,5,2800382,Online,Pendiente
1155,2024-11-28,39,Mouse,,5,0,50,1031471,Distribuidor,Completada
1040,2024-12-23,42,Teclado,Accesorios,10,0,10,3317008,Tienda,
1108,2024-02-07,90,Mouse,,5,50000,110,2926952,Distribuidor,Pendiente
1184,2024-10-15,9,Mouse,Accesorios,0,350000,10,181057,Online,Cancelada
1196,2025-01-01,1,Laptop,Tecnología,1,350000,50,401740,Distribuidor,Pendiente
1136,2024-08-27,33,Mouse,Accesorios,10,120000,5,3253240,???,Pendiente
1044,2024-03-18,46,Monitor,Accesorios,0,50000,0,1138355,Distribuidor,
1117,2024-03-06,106,Mouse,Accesorios,2,350000,0,464520,Tienda,
1116,2024-07-10,71,Monitor,Oficina,0,350000,5,1899568,???,Cancelada
1222,2024-03-04,41,Teclado,Accesorios,2,350000,0,880889,???,
1243,2024-02-16,94,Impresora,Accesorios,5,120000,5,1343359,Distribuidor,
1007,2025-02-20,18,Mouse,,-1,50000,0,1591100,???,
1132,2025-02-28,15,Monitor,Tecnología,0,-1000,10,2670623,Tienda,Completada
1087,2024-03-21,63,Impresora,,5,50000,5,2512455,Tienda,Completada
1211,2024-05-28,91,Teclado,Tecnología,1,350000,5,1960037,Distribuidor,
1207,2024-11-09,77,Impresora,Accesorios,5,-1000,10,4650416,Tienda,Pendiente
1244,2024-04-06,53,Laptop,Accesorios,-1,350000,10,1749454,???,Completada
1272,2024-04-07,92,Teclado,Accesorios,5,350000,0,4683876,???,Pendiente
1182,2024-06-09,94,Teclado,Tecnología,0,120000,50,4993952,Tienda,Cancelada
1141,2024-03-17,2,Mouse,,2,-1000,5,3976005,Online,Pendiente
1156,2024-01-11,76,Teclado,Accesorios,-1,50000,110,4211980,Tienda,
1026,2024-03-14,11,Impresora,Tecnología,10,0,50,98427,Tienda,Completada
1096,2024-09-08,107,Monitor,,5,350000,110,4006618,Tienda,Pendiente
1239,2024-06-10,49,Mouse,Oficina,10,350000,0,4079068,???,Cancelada
1026,2024-10-08,111,Teclado,Accesorios,1,350000,10,951127,Online,Pendiente
1184,2024-02-14,110,Laptop,Oficina,-1,-1000,110,278425,Online,Completada
1269,2024-03-12,108,Impresora,Tecnología,1,0,50,3854543,Distribuidor,Cancelada
1029,2024-03-27,103,Teclado,,-1,-1000,110,1373629,Tienda,Completada
1033,2024-04-20,37,Teclado,Oficina,5,0,10,4498828,Tienda,Pendiente
1130,2024-01-14,106,Mouse,Tecnología,5,350000,0,3955784,Distribuidor,Completada
1016,2024-04-10,22,Laptop,,0,0,10,816040,Online,Completada
1269,2025-01-24,31,Impresora,Accesorios,2,120000,5,2214445,???,
1266,2025-03-10,70,Monitor,,10,120000,5,3271461,Tienda,Cancelada
1047,2024-08-01,112,Teclado,Oficina,-1,-1000,0,4387571,???,Pendiente
1269,2024-08-19,4,Teclado,Tecnología,5,120000,5,-93976,???,Cancelada
1170,2024-04-25,106,Teclado,,5,120000,110,1619917,???,Pendiente
1025,2024-10-31,40,Teclado,Tecnología,0,0,50,4171874,???,Completada
1214,2025-02-13,49,Laptop,,5,-1000,110,4390102,???,Pendiente
1051,2024-05-21,100,Monitor,Accesorios,10,350000,0,900410,???,Cancelada
1271,2024-02-10,87,Mouse,Accesorios,10,50000,10,4452884,???,
1000,2024-02-22,106,Laptop,,5,120000,50,-87195,Tienda,Pendiente
1028,2025-02-07,79,Impresora,Tecnología,0,-1000,5,707689,Online,Cancelada
1084,2024-03-24,19,Monitor,Oficina,0,-1000,110,3502487,Tienda,
1111,2024-02-23,34,Mouse,Tecnología,1,0,110,3045354,Distribuidor,Cancelada
1035,2024-03-04,71,Teclado,Tecnología,0,0,5,4179172,Tienda,Completada
1094,2024-02-13,3,Mouse,Accesorios,0,-1000,110,1686348,???,Pendiente
1143,2024-10-03,33,Mouse,Accesorios,-1,50000,0,3655176,???,Pendiente
1184,2024-03-02,66,Monitor,Oficina,0,-1000,0,4039144,Tienda,Completada
1214,2024-01-28,23,Teclado,,10,0,50,2595896,Online,Cancelada
1269,2024-10-12,87,Laptop,Oficina,1,0,0,2548115,Tienda,
1256,2024-10-30,40,Monitor,Oficina,1,50000,50,553864,Tienda,Completada
1228,2024-08-30,73,Impresora,Tecnología,10,0,0,4488212,???,Pendiente
1104,2024-10-13,51,Mouse,Oficina,-1,-1000,0,3386581,Online,Pendiente
1172,2024-01-02,90,Mouse,,0,120000,10,1249976,???,Cancelada
1072,2024-09-17,26,Monitor,Oficina,5,0,10,3753630,Tienda,Pendiente
1224,2024-04-01,92,Teclado,Tecnología,0,-1000,110,110515,Distribuidor,Completada
1168,2024-12-27,50,Impresora,,2,0,110,3171960,???,Pendiente
1023,2024-08-01,12,Teclado,Tecnología,1,-1000,5,4482600,???,Completada
1204,2024-05-09,15,Mouse,Oficina,1,-1000,50,4427677,Distribuidor,Pendiente
1197,2024-01-22,116,Mouse,Tecnología,10,120000,110,2438557,Online,Cancelada
1079,2024-11-29,78,Teclado,Accesorios,10,0,110,3006298,Online,Completada
1162,2025-03-03,27,Monitor,Oficina,5,50000,50,489490,Online,
1001,2024-01-23,104,Monitor,Oficina,10,50000,10,3058884,Distribuidor,Pendiente
1123,2024-02-22,33,Mouse,Oficina,10,50000,5,2523658,Online,Completada
1120,2025-01-01,58,Teclado,,2,-1000,5,1893412,Online,Pendiente
1208,2024-08-01,73,Mouse,Tecnología,0,50000,50,1878092,Tienda,
1040,2025-02-19,23,Teclado,,2,120000,5,1893211,Distribuidor,Cancelada
1195,2025-01-19,17,Teclado,Oficina,10,-1000,110,2122829,Tienda,Pendiente
1081,2024-07-01,58,Mouse,Tecnología,0,350000,5,4679787,???,Cancelada
1045,2025-01-16,99,Laptop,Accesorios,-1,-1000,50,4600571,Online,Cancelada
1004,2025-02-18,7,Teclado,,0,-1000,0,1302226,Online,Completada
1149,2024-08-23,72,Laptop,Tecnología,10,50000,50,427017,Tienda,
1001,2024-08-18,45,Monitor,Accesorios,0,120000,10,436591,Tienda,Completada
1049,2024-02-03,113,Laptop,Accesorios,10,120000,5,971753,Distribuidor,Pendiente
1079,2024-09-10,72,Impresora,Tecnología,2,0,110,598136,???,Completada
1150,2024-02-17,23,Monitor,,-1,350000,5,1591934,Online,Pendiente
1056,2025-01-06,2,Mouse,Oficina,0,0,110,4394736,Online,Pendiente
1101,2025-02-22,7,Mouse,Tecnología,2,120000,10,1002268,Distribuidor,
1045,2025-01-13,58,Mouse,Tecnología,0,-1000,5,771000,???,Completada
1098,2024-03-05,27,Teclado,Oficina,-1,350000,0,4516348,???,
1275,2024-06-07,111,Mouse,Tecnología,2,350000,50,4939750,Online,Completada
1111,2024-03-10,25,Impresora,,5,50000,10,4298472,Tienda,Completada
1078,2024-01-31,31,Teclado,Oficina,2,-1000,110,4488918,Distribuidor,Pendiente
1057,2024-06-15,69,Mouse,Tecnología,10,350000,110,3903063,Distribuidor,Cancelada
1009,2024-07-31,28,Laptop,Oficina,1,0,5,4827494,Online,Cancelada
1069,2024-03-29,7,Impresora,Tecnología,0,350000,5,2416543,Distribuidor,Pendiente
1130,2024-04-18,37,Teclado,Oficina,10,350000,0,1550154,Online,
1178,2024-12-21,74,Monitor,,5,50000,110,1555548,Tienda,Completada
1016,2025-01-21,5,Laptop,Accesorios,10,120000,50,4639810,Online,
1125,2025-02-15,91,Monitor,Accesorios,-1,120000,10,1626961,Online,Pendiente
1039,2024-09-15,97,Teclado,Accesorios,10,350000,110,2066403,Online,Cancelada
1123,2024-10-28,62,Impresora,Accesorios,-1,0,110,2531055,Online,Completada
1208,2024-05-02,65,Monitor,Tecnología,0,-1000,110,404906,???,Pendiente
1232,2024-11-20,100,Impresora,Oficina,10,0,5,4322796,???,Pendiente
1225,2024-06-29,46,Monitor,Tecnología,1,-1000,10,1536560,Tienda,
1275,2024-10-01,65,Mouse,,1,350000,10,4179218,???,Cancelada
1040,2024-08-12,111,Impresora,Tecnología,-1,50000,110,2037355,Distribuidor,Cancelada
1130,2024-07-27,45,Mouse,,-1,0,50,3261141,Online,Cancelada
1105,2024-07-12,64,Mouse,Oficina,-1,-1000,5,322667,Tienda,Completada
1074,2024-12-22,72,Laptop,Tecnología,0,50000,110,2021180,Distribuidor,Pendiente
1237,2024-01-19,16,Laptop,Accesorios,0,120000,5,1002544,Distribuidor,Completada
1073,2025-01-29,83,Mouse,Accesorios,5,-1000,110,4796947,Tienda,Pendiente
1105,2024-09-11,93,Mouse,Oficina,2,350000,50,2529995,???,Cancelada
1048,2024-11-03,29,Monitor,,2,350000,5,1670996,Tienda,Pendiente
1083,2024-09-15,98,Monitor,,2,-1000,50,2802720,Online,Pendiente
1069,2024-03-02,28,Mouse,Tecnología,10,50000,50,3670424,???,Cancelada
1247,2024-06-18,28,Monitor,Accesorios,10,0,110,2595337,???,Cancelada
1248,2025-02-15,56,Impresora,Tecnología,10,-1000,50,1790705,Tienda,
1119,2025-01-09,36,Teclado,Oficina,1,120000,110,1382238,Online,Completada
1272,2024-08-19,19,Mouse,Oficina,0,120000,0,717478,Online,
1081,2024-12-13,88,Laptop,,0,-1000,0,133093,Tienda,Pendiente
1239,2024-06-19,92,Laptop,Accesorios,2,120000,5,2930975,???,Completada
1200,2024-09-27,50,Impresora,Oficina,5,-1000,5,2196914,???,Pendiente
1188,2024-12-13,91,Laptop,Tecnología,0,120000,5,2003393,Tienda,
1078,2024-07-08,39,Mouse,Oficina,1,350000,5,3617913,Distribuidor,Pendiente
1050,2024-09-28,7,Teclado,Oficina,5,350000,0,1858781,Online,Completada
1004,2024-08-13,99,Teclado,Tecnología,5,350000,110,4406218,Tienda,
1241,2024-09-02,66,Mouse,Oficina,-1,0,5,4878373,Tienda,Cancelada
1064,2025-01-28,24,Impresora,,0,120000,0,4555694,???,
1041,2025-01-01,67,Teclado,Oficina,0,-1000,110,1815457,Online,Cancelada
1204,2024-11-30,41,Laptop,Accesorios,0,50000,50,412644,Tienda,Pendiente
1089,2024-06-14,116,Teclado,Tecnología,5,350000,50,2684402,Tienda,Completada
1191,2025-01-26,78,Impresora,,5,350000,110,4750935,???,
1072,2024-04-22,115,Monitor,Oficina,2,-1000,10,3350225,Distribuidor,
1073,2024-12-24,34,Mouse,Accesorios,0,0,5,1343692,Distribuidor,
1096,2024-05-09,36,Mouse,Oficina,5,-1000,110,4814333,Tienda,Cancelada
1123,2024-08-07,112,Laptop,Oficina,1,0,110,1027765,Distribuidor,
1045,2024-10-14,73,Laptop,,0,350000,110,3479864,Online,Completada
1268,2025-01-15,63,Mouse,,5,350000,10,4745820,???,Cancelada
1220,2024-01-11,39,Teclado,Tecnología,10,120000,0,2837344,Distribuidor,Completada
1258,2024-05-30,86,Mouse,Oficina,2,50000,0,1136155,Tienda,Cancelada
1047,2024-06-27,119,Mouse,Accesorios,1,120000,110,1074593,???,Pendiente
1086,2024-03-09,114,Teclado,,1,120000,50,3045960,???,Cancelada
1100,2024-03-28,14,Mouse,Oficina,1,50000,0,4065083,Tienda,Cancelada
1086,2025-03-24,117,Impresora,Oficina,-1,50000,0,887159,Tienda,Cancelada
1066,2025-03-02,98,Mouse,Accesorios,-1,-1000,50,1910018,Tienda,Cancelada
1210,2025-02-12,75,Teclado,Tecnología,5,50000,5,3570354,Online,Cancelada
1181,2024-05-15,110,Monitor,Accesorios,2,0,110,4474428,Distribuidor,Pendiente
1202,2024-01-27,40,Mouse,Oficina,0,-1000,5,845019,Online,Cancelada
1103,2025-03-11,15,Impresora,Tecnología,2,-1000,50,3514455,Distribuidor,Cancelada
1223,2024-10-30,91,Mouse,Oficina,0,350000,5,4248423,Tienda,Completada
1227,2024-04-23,91,Impresora,Oficina,-1,120000,110,3069391,Tienda,Pendiente
1208,2024-11-16,58,Monitor,Tecnología,10,350000,0,1939841,Distribuidor,Pendiente
1207,2024-02-16,87,Teclado,Tecnología,0,50000,5,4251195,Distribuidor,
1108,2024-05-11,64,Monitor,Tecnología,1,0,10,3190254,Online,Pendiente
1056,2024-12-31,38,Impresora,Oficina,10,120000,50,1262534,???,
1211,2024-01-24,2,Monitor,Accesorios,1,0,50,2937002,Online,Cancelada
1093,2024-12-14,63,Teclado,Accesorios,5,50000,50,2619506,Tienda,Pendiente
1190,2024-06-19,102,Laptop,Tecnología,10,50000,0,3401902,???,Pendiente
1274,2024-03-08,67,Laptop,Accesorios,1,350000,110,2061588,Tienda,
