ID,Nombre,Edad,Email,Telefono,Ciudad,Ingresos,Estado
266,Nombre_16,95,correo_malo,300266,Bogotá,4141477,Inactivo
46,Nombre_46,-5,user6@mail.com,30046,,17687327,???
61,Nombre_11,72,user21@mail.com,30061,Medellín,9512115,Inactivo
79,Nombre_29,85,user39@mail.com,30079,,7696057,???
207,Nombre_7,58,user7@mail.com,300207,Medellín,14594995,Inactivo
196,Nombre_46,108,correo_malo,300196,Cali,7749823,???
71,Nombre_21,81,user31@mail.com,30071,,689560,Inactivo
138,Nombre_38,0,user18@mail.com,300138,Medellín,5661445,Activo
114,Nombre_14,41,user34@mail.com,300114,,15728079,Inactivo
126,Nombre_26,61,correo_malo,300126,,18653679,Activo
233,Nombre_33,70,user33@mail.com,300233,Bogotá,8944918,???
276,Nombre_26,86,user36@mail.com,300276,,19251303,???
37,Nombre_37,21,user37@mail.com,30037,Medellín,11523392,???
268,Nombre_18,37,user28@mail.com,300268,Bogotá,3100319,Activo
240,Nombre_40,2,user0@mail.com,XXX,,4878758,???
77,Nombre_27,124,correo_malo,30077,Bogotá,6401258,???
249,Nombre_49,105,user9@mail.com,300249,Medellín,11676546,Activo
277,Nombre_27,60,user37@mail.com,300277,Bogotá,13716762,???
259,Nombre_9,35,correo_malo,300259,Medellín,4810528,Activo
212,Nombre_12,-2,user12@mail.com,300212,Cali,15621663,???
51,Nombre_1,62,user11@mail.com,30051,Bogotá,2541565,???
296,Nombre_46,115,user16@mail.com,300296,,-621201,???
116,Nombre_16,13,user36@mail.com,300116,,7978885,Inactivo
269,Nombre_19,64,user29@mail.com,300269,Cali,8370631,Inactivo
264,Nombre_14,72,user24@mail.com,300264,,18488030,Activo
213,Nombre_13,86,user13@mail.com,300213,,893687,Inactivo
3,Nombre_3,86,user3@mail.com,3003,Bogotá,11644070,???
162,Nombre_12,37,user2@mail.com,300162,,12515832,Activo
18,Nombre_18,54,user18@mail.com,30018,Cali,6422279,Activo
240,Nombre_40,36,user0@mail.com,XXX,,19815289,Activo
13,Nombre_13,123,user13@mail.com,30013,Medellín,6378646,Activo
14,Nombre_14,80,correo_malo,30014,Cali,15760454,Activo
294,Nombre_44,26,correo_malo,300294,,19536480,Activo
177,Nombre_27,47,user17@mail.com,300177,,18455239,???
93,Nombre_43,-13,user13@mail.com,30093,Bogotá,18267281,???
28,Nombre_28,-15,correo_malo,30028,,14167502,Activo
113,Nombre_13,98,user33@mail.com,300113,Medellín,15198346,Inactivo
256,Nombre_6,34,user16@mail.com,300256,Cali,1548906,Activo
250,Nombre_0,29,user10@mail.com,XXX,,14656607,Activo
78,Nombre_28,-4,user38@mail.com,30078,Cali,16857936,Activo
297,Nombre_47,78,user17@mail.com,300297,,8934239,Inactivo
120,Nombre_20,65,user0@mail.com,XXX,Medellín,5168377,???
248,Nombre_48,106,user8@mail.com,300248,,7136500,Activo
23,Nombre_23,88,user23@mail.com,30023,Cali,18956918,Activo
126,Nombre_26,4,correo_malo,300126,Cali,4846451,???
172,Nombre_22,64,user12@mail.com,300172,,10637100,Inactivo
164,Nombre_14,20,user4@mail.com,300164,Medellín,17031851,Inactivo
61,Nombre_11,-14,user21@mail.com,30061,Medellín,3137459,Activo
20,Nombre_20,100,user20@mail.com,XXX,Bogotá,1632688,???
281,Nombre_31,67,user1@mail.com,300281,,11867797,Activo
275,Nombre_25,20,user35@mail.com,XXX,Medellín,8810717,???
237,Nombre_37,58,user37@mail.com,300237,,19136568,Inactivo
283,Nombre_33,103,user3@mail.com,300283,Cali,17785299,Inactivo
32,Nombre_32,52,user32@mail.com,30032,Medellín,5573845,Activo
220,Nombre_20,43,user20@mail.com,XXX,Medellín,17569726,???
289,Nombre_39,127,user9@mail.com,300289,Medellín,19612938,Activo
157,Nombre_7,38,user37@mail.com,300157,Cali,-205369,Inactivo
260,Nombre_10,112,user20@mail.com,XXX,,354084,Inactivo
66,Nombre_16,106,user26@mail.com,30066,Bogotá,4491904,???
210,Nombre_10,10,correo_malo,XXX,,4549140,???
242,Nombre_42,124,user2@mail.com,300242,,9092365,???
22,Nombre_22,102,user22@mail.com,30022,Medellín,19883495,Activo
13,Nombre_13,71,user13@mail.com,30013,Bogotá,17076819,Activo
131,Nombre_31,22,user11@mail.com,300131,,7997966,Activo
128,Nombre_28,83,user8@mail.com,300128,Cali,18858235,Activo
199,Nombre_49,11,user39@mail.com,300199,Bogotá,9662511,Inactivo
185,Nombre_35,101,user25@mail.com,XXX,Bogotá,14623012,???
159,Nombre_9,85,user39@mail.com,300159,,19130813,Inactivo
13,Nombre_13,32,user13@mail.com,30013,Medellín,11045019,Inactivo
86,Nombre_36,2,user6@mail.com,30086,Bogotá,9370666,Inactivo
123,Nombre_23,79,user3@mail.com,300123,Bogotá,14451105,Activo
239,Nombre_39,90,user39@mail.com,300239,Medellín,1698462,Inactivo
153,Nombre_3,118,user33@mail.com,300153,,13319383,???
163,Nombre_13,121,user3@mail.com,300163,Bogotá,12438878,Activo
186,Nombre_36,65,user26@mail.com,300186,,459916,Activo
116,Nombre_16,-8,user36@mail.com,300116,,526278,Inactivo
260,Nombre_10,37,user20@mail.com,XXX,Cali,10382270,Activo
103,Nombre_3,124,user23@mail.com,300103,Cali,18409153,Activo
170,Nombre_20,-7,user10@mail.com,XXX,Bogotá,-613849,Activo
287,Nombre_37,63,correo_malo,300287,Medellín,2915496,Activo
60,Nombre_10,36,user20@mail.com,XXX,,17620139,Inactivo
45,Nombre_45,3,user5@mail.com,XXX,Medellín,15404798,???
72,Nombre_22,-7,user32@mail.com,30072,,18132082,Activo
168,Nombre_18,58,correo_malo,300168,Medellín,17777358,???
171,Nombre_21,21,user11@mail.com,300171,,18857734,Inactivo
267,Nombre_17,-5,user27@mail.com,300267,,8351171,Activo
177,Nombre_27,44,user17@mail.com,300177,Bogotá,4111931,Inactivo
85,Nombre_35,52,user5@mail.com,XXX,Cali,10348681,Inactivo
252,Nombre_2,-5,correo_malo,300252,,11271038,???
284,Nombre_34,113,user4@mail.com,300284,Cali,1826376,Activo
69,Nombre_19,23,user29@mail.com,30069,,661685,???
149,Nombre_49,-7,user29@mail.com,300149,Bogotá,71673,Activo
283,Nombre_33,90,user3@mail.com,300283,Medellín,12634147,Inactivo
241,Nombre_41,49,user1@mail.com,300241,,8368880,???
192,Nombre_42,108,user32@mail.com,300192,Bogotá,3445200,Activo
281,Nombre_31,63,user1@mail.com,300281,Medellín,7059301,Inactivo
104,Nombre_4,98,user24@mail.com,300104,,6714057,???
25,Nombre_25,20,user25@mail.com,XXX,Bogotá,14618114,Inactivo
125,Nombre_25,55,user5@mail.com,XXX,Bogotá,14931317,Inactivo
174,Nombre_24,20,user14@mail.com,300174,Medellín,6998336,Inactivo
204,Nombre_4,32,user4@mail.com,300204,Cali,13656138,???
241,Nombre_41,59,user1@mail.com,300241,Cali,4670409,Inactivo
249,Nombre_49,86,user9@mail.com,300249,Medellín,16749501,Inactivo
108,Nombre_8,101,user28@mail.com,300108,Bogotá,17935949,Inactivo
207,Nombre_7,114,user7@mail.com,300207,Medellín,7884947,Activo
271,Nombre_21,-3,user31@mail.com,300271,Cali,17339156,???
125,Nombre_25,101,user5@mail.com,XXX,Bogotá,16800754,???
204,Nombre_4,17,user4@mail.com,300204,,1437088,Inactivo
181,Nombre_31,128,user21@mail.com,300181,Bogotá,15093931,???
75,Nombre_25,-7,user35@mail.com,XXX,Bogotá,13039901,Activo
259,Nombre_9,101,correo_malo,300259,,13461418,???
227,Nombre_27,18,user27@mail.com,300227,Bogotá,16183602,???
153,Nombre_3,50,user33@mail.com,300153,,5986434,Activo
109,Nombre_9,74,user29@mail.com,300109,Bogotá,13813992,Activo
130,Nombre_30,-5,user10@mail.com,XXX,,11238602,Inactivo
224,Nombre_24,82,correo_malo,300224,Medellín,6083051,???
243,Nombre_43,95,user3@mail.com,300243,Medellín,12823968,Activo
78,Nombre_28,118,user38@mail.com,30078,,508851,Activo
17,Nombre_17,70,user17@mail.com,30017,,18639603,Activo
123,Nombre_23,100,user3@mail.com,300123,Cali,9657223,Activo
153,Nombre_3,6,user33@mail.com,300153,,15176415,Inactivo
81,Nombre_31,-2,user1@mail.com,30081,,13467148,???
122,Nombre_22,-7,user2@mail.com,300122,Medellín,-903340,Activo
115,Nombre_15,-15,user35@mail.com,XXX,Bogotá,5099055,???
169,Nombre_19,92,user9@mail.com,300169,Medellín,2419629,Inactivo
134,Nombre_34,89,user14@mail.com,300134,Bogotá,15961795,???
280,Nombre_30,61,correo_malo,XXX,,8937052,Activo
188,Nombre_38,7,user28@mail.com,300188,,1127552,Inactivo
85,Nombre_35,27,user5@mail.com,XXX,Bogotá,5484849,Activo
293,Nombre_43,-15,user13@mail.com,300293,,3518755,???
57,Nombre_7,30,user17@mail.com,30057,,11323987,Activo
171,Nombre_21,96,user11@mail.com,300171,,2005538,Inactivo
235,Nombre_35,128,user35@mail.com,XXX,Medellín,7110846,Inactivo
158,Nombre_8,119,user38@mail.com,300158,,-342176,Activo
10,Nombre_10,66,user10@mail.com,XXX,,1874077,Inactivo
90,Nombre_40,0,user10@mail.com,XXX,,7248465,Activo
59,Nombre_9,71,user19@mail.com,30059,Cali,19287671,???
44,Nombre_44,30,user4@mail.com,30044,Bogotá,12362315,Inactivo
248,Nombre_48,53,user8@mail.com,300248,Medellín,5892732,Activo
156,Nombre_6,21,user36@mail.com,300156,Bogotá,5074528,???
192,Nombre_42,100,user32@mail.com,300192,Medellín,6601859,Inactivo
82,Nombre_32,117,user2@mail.com,30082,Medellín,8045084,Inactivo
283,Nombre_33,15,user3@mail.com,300283,Cali,441526,???
295,Nombre_45,11,user15@mail.com,XXX,Medellín,12701261,???
163,Nombre_13,14,user3@mail.com,300163,,12026080,Inactivo
194,Nombre_44,87,user34@mail.com,300194,,14021561,Inactivo
89,Nombre_39,77,user9@mail.com,30089,,1718024,???
10,Nombre_10,128,user10@mail.com,XXX,,14548419,Activo
282,Nombre_32,-1,user2@mail.com,300282,,8381828,Activo
283,Nombre_33,12,user3@mail.com,300283,Medellín,12719340,Inactivo
190,Nombre_40,100,user30@mail.com,XXX,,15950889,Activo
19,Nombre_19,111,user19@mail.com,30019,,16156543,Inactivo
281,Nombre_31,129,user1@mail.com,300281,Cali,10354569,Inactivo
61,Nombre_11,-10,user21@mail.com,30061,Cali,13014359,Activo
8,Nombre_8,80,user8@mail.com,3008,,16204983,Activo
276,Nombre_26,122,user36@mail.com,300276,,3595418,Activo
294,Nombre_44,51,correo_malo,300294,,6126449,Inactivo
246,Nombre_46,107,user6@mail.com,300246,Medellín,3580871,Activo
1,Nombre_1,49,user1@mail.com,3001,Medellín,9606751,Activo
62,Nombre_12,118,user22@mail.com,30062,Bogotá,10904154,Activo
228,Nombre_28,6,user28@mail.com,300228,,12807199,???
78,Nombre_28,121,user38@mail.com,30078,Bogotá,15407819,Inactivo
202,Nombre_2,-6,user2@mail.com,300202,,13992673,Activo
217,Nombre_17,107,correo_malo,300217,Cali,336763,Inactivo
190,Nombre_40,50,user30@mail.com,XXX,Bogotá,3594725,???
214,Nombre_14,38,user14@mail.com,300214,,10601234,Inactivo
142,Nombre_42,24,user22@mail.com,300142,,14283608,???
211,Nombre_11,47,user11@mail.com,300211,Bogotá,3746249,???
249,Nombre_49,72,user9@mail.com,300249,Medellín,7277701,Inactivo
24,Nombre_24,46,user24@mail.com,30024,Cali,10176231,Inactivo
244,Nombre_44,86,user4@mail.com,300244,Cali,10323274,Activo
84,Nombre_34,-11,correo_malo,30084,Bogotá,15367150,Activo
192,Nombre_42,127,user32@mail.com,300192,Cali,7364063,???
115,Nombre_15,22,user35@mail.com,XXX,,12505910,???
239,Nombre_39,36,user39@mail.com,300239,Medellín,2045607,Inactivo
208,Nombre_8,111,user8@mail.com,300208,Bogotá,1056150,Inactivo
85,Nombre_35,39,user5@mail.com,XXX,Cali,18240903,Activo
205,Nombre_5,72,user5@mail.com,XXX,,18699780,???
235,Nombre_35,18,user35@mail.com,XXX,Bogotá,2758301,Activo
16,Nombre_16,-6,user16@mail.com,30016,Cali,5989258,Activo
118,Nombre_18,36,user38@mail.com,300118,,12219523,Activo
81,Nombre_31,-11,user1@mail.com,30081,Medellín,8474358,Inactivo
157,Nombre_7,113,user37@mail.com,300157,Bogotá,3342745,???
148,Nombre_48,103,user28@mail.com,300148,,6782098,Inactivo
193,Nombre_43,87,user33@mail.com,300193,Medellín,9408000,Activo
35,Nombre_35,115,correo_malo,XXX,,6168724,Inactivo
164,Nombre_14,89,user4@mail.com,300164,,15633109,Inactivo
97,Nombre_47,24,user17@mail.com,30097,Cali,3020350,Activo
84,Nombre_34,98,correo_malo,30084,Medellín,28405,Inactivo
270,Nombre_20,-7,user30@mail.com,XXX,Bogotá,10860035,???
147,Nombre_47,127,correo_malo,300147,Bogotá,2582886,???
300,Nombre_0,127,user20@mail.com,XXX,,1314676,Activo
78,Nombre_28,57,user38@mail.com,30078,Medellín,18628593,Inactivo
104,Nombre_4,88,user24@mail.com,300104,Bogotá,15765375,???
261,Nombre_11,33,user21@mail.com,300261,Cali,12041210,???
40,Nombre_40,62,user0@mail.com,XXX,,15529479,???
236,Nombre_36,101,user36@mail.com,300236,,6743265,Inactivo
93,Nombre_43,-15,user13@mail.com,30093,Medellín,9877985,Activo
284,Nombre_34,77,user4@mail.com,300284,Medellín,11125027,???
239,Nombre_39,-1,user39@mail.com,300239,Cali,14123972,Inactivo
67,Nombre_17,15,user27@mail.com,30067,Bogotá,2243619,Activo
90,Nombre_40,121,user10@mail.com,XXX,Cali,14742582,Activo
80,Nombre_30,120,user0@mail.com,XXX,Medellín,-889863,???
185,Nombre_35,10,user25@mail.com,XXX,Bogotá,19356854,Inactivo
250,Nombre_0,86,user10@mail.com,XXX,Cali,18428207,Inactivo
123,Nombre_23,114,user3@mail.com,300123,Medellín,2281484,Inactivo
157,Nombre_7,92,user37@mail.com,300157,Cali,2498712,???
125,Nombre_25,5,user5@mail.com,XXX,Medellín,2506505,Activo
13,Nombre_13,29,user13@mail.com,30013,,12043410,???
283,Nombre_33,55,user3@mail.com,300283,Bogotá,4316504,???
65,Nombre_15,94,user25@mail.com,XXX,Cali,12120225,Activo
100,Nombre_0,118,user20@mail.com,XXX,,7148508,Inactivo
111,Nombre_11,69,user31@mail.com,300111,,8786873,Activo
254,Nombre_4,97,user14@mail.com,300254,,12217160,???
75,Nombre_25,106,user35@mail.com,XXX,Medellín,17980280,Inactivo
12,Nombre_12,-11,user12@mail.com,30012,Medellín,-497998,Activo
98,Nombre_48,80,correo_malo,30098,Bogotá,8195332,Inactivo
197,Nombre_47,23,user37@mail.com,300197,,11009003,Inactivo
252,Nombre_2,34,correo_malo,300252,,13333434,Activo
164,Nombre_14,-11,user4@mail.com,300164,Bogotá,13299705,Activo
290,Nombre_40,88,user10@mail.com,XXX,Medellín,1385559,Inactivo
269,Nombre_19,100,user29@mail.com,300269,Cali,12730688,Activo
36,Nombre_36,70,user36@mail.com,30036,,-767789,???
228,Nombre_28,69,user28@mail.com,300228,Bogotá,10185933,???
184,Nombre_34,-14,user24@mail.com,300184,,14767567,Activo
57,Nombre_7,74,user17@mail.com,30057,Cali,4802794,Activo
25,Nombre_25,98,user25@mail.com,XXX,Bogotá,4078464,Activo
238,Nombre_38,29,correo_malo,300238,,3610965,Activo
21,Nombre_21,-14,correo_malo,30021,,14036813,Inactivo
240,Nombre_40,-3,user0@mail.com,XXX,,4912284,???
236,Nombre_36,89,user36@mail.com,300236,Medellín,2462762,Inactivo
186,Nombre_36,7,user26@mail.com,300186,,5467541,Activo
252,Nombre_2,42,correo_malo,300252,,19885245,???
290,Nombre_40,82,user10@mail.com,XXX,Medellín,16465235,Activo
106,Nombre_6,122,user26@mail.com,300106,Medellín,13354256,Activo
24,Nombre_24,24,user24@mail.com,30024,,17159500,???
254,Nombre_4,90,user14@mail.com,300254,Cali,3851061,Inactivo
220,Nombre_20,2,user20@mail.com,XXX,Medellín,4658631,Activo
232,Nombre_32,116,user32@mail.com,300232,Cali,6473945,Activo
260,Nombre_10,-7,user20@mail.com,XXX,Medellín,5461274,Activo
219,Nombre_19,56,user19@mail.com,300219,Bogotá,15868509,Inactivo
214,Nombre_14,37,user14@mail.com,300214,Bogotá,18245657,Activo
104,Nombre_4,73,user24@mail.com,300104,Bogotá,7065738,Activo
300,Nombre_0,67,user20@mail.com,XXX,Medellín,17202041,???
195,Nombre_45,103,user35@mail.com,XXX,Cali,4773670,Activo
12,Nombre_12,30,user12@mail.com,30012,,12808032,???
282,Nombre_32,-1,user2@mail.com,300282,,14861506,Activo
119,Nombre_19,28,correo_malo,300119,Medellín,2183443,Inactivo
59,Nombre_9,125,user19@mail.com,30059,Medellín,3363757,???
299,Nombre_49,54,user19@mail.com,300299,,16663409,???
259,Nombre_9,112,correo_malo,300259,Bogotá,6590433,Inactivo
24,Nombre_24,59,user24@mail.com,30024,Bogotá,193316,???
91,Nombre_41,48,correo_malo,30091,Medellín,14796937,Inactivo
286,Nombre_36,-7,user6@mail.com,300286,Medellín,1220973,Inactivo
17,Nombre_17,31,user17@mail.com,30017,Bogotá,16143318,Inactivo
108,Nombre_8,32,user28@mail.com,300108,Medellín,8164300,???
170,Nombre_20,126,user10@mail.com,XXX,,15181199,???
196,Nombre_46,42,correo_malo,300196,Cali,336362,???
194,Nombre_44,69,user34@mail.com,300194,Cali,17912065,Inactivo
139,Nombre_39,-9,user19@mail.com,300139,,2453069,???
126,Nombre_26,60,correo_malo,300126,Cali,499617,Inactivo
221,Nombre_21,98,user21@mail.com,300221,,-527085,Activo
158,Nombre_8,41,user38@mail.com,300158,,11435346,Activo
215,Nombre_15,10,user15@mail.com,XXX,Bogotá,7150231,???
18,Nombre_18,49,user18@mail.com,30018,Bogotá,11362957,Inactivo
13,Nombre_13,86,user13@mail.com,30013,Bogotá,7884561,Activo
43,Nombre_43,70,user3@mail.com,30043,Cali,87271,Inactivo
265,Nombre_15,2,user25@mail.com,XXX,,9985280,Activo
277,Nombre_27,76,user37@mail.com,300277,,-489077,???
270,Nombre_20,126,user30@mail.com,XXX,Bogotá,14730734,Inactivo
251,Nombre_1,20,user11@mail.com,300251,,-861310,???
258,Nombre_8,62,user18@mail.com,300258,,16334493,Activo
265,Nombre_15,111,user25@mail.com,XXX,Cali,1469350,???
223,Nombre_23,87,user23@mail.com,300223,Bogotá,17411222,Activo
5,Nombre_5,24,user5@mail.com,XXX,Cali,11088479,Activo
96,Nombre_46,-4,user16@mail.com,30096,,708724,Activo
180,Nombre_30,28,user20@mail.com,XXX,,13544096,Inactivo
161,Nombre_11,3,correo_malo,300161,,12051663,Inactivo
143,Nombre_43,73,user23@mail.com,300143,,13527969,Activo
300,Nombre_0,74,user20@mail.com,XXX,Bogotá,19115436,Inactivo
26,Nombre_26,126,user26@mail.com,30026,Medellín,4059749,???
250,Nombre_0,19,user10@mail.com,XXX,Medellín,16360603,???
74,Nombre_24,124,user34@mail.com,30074,Bogotá,19290877,Activo
251,Nombre_1,39,user11@mail.com,300251,Cali,4168950,???
197,Nombre_47,60,user37@mail.com,300197,,15762011,???
85,Nombre_35,112,user5@mail.com,XXX,Bogotá,10692163,Inactivo
245,Nombre_45,60,correo_malo,XXX,,12898828,Inactivo
156,Nombre_6,76,user36@mail.com,300156,Bogotá,5071095,???
118,Nombre_18,71,user38@mail.com,300118,Cali,8687831,Inactivo
260,Nombre_10,96,user20@mail.com,XXX,,-434790,Inactivo
213,Nombre_13,125,user13@mail.com,300213,,3774075,Activo
189,Nombre_39,69,correo_malo,300189,,5525878,???
151,Nombre_1,20,user31@mail.com,300151,Cali,7094908,???
221,Nombre_21,69,user21@mail.com,300221,,7694727,Inactivo
105,Nombre_5,18,correo_malo,XXX,,19857679,Inactivo
189,Nombre_39,72,correo_malo,300189,,2070302,Inactivo
85,Nombre_35,5,user5@mail.com,XXX,,15578493,Inactivo
246,Nombre_46,-11,user6@mail.com,300246,,18881018,???
186,Nombre_36,90,user26@mail.com,300186,,19638228,Activo
2,Nombre_2,123,user2@mail.com,3002,,5829869,???
185,Nombre_35,37,user25@mail.com,XXX,Bogotá,1047167,???
6,Nombre_6,127,user6@mail.com,3006,Medellín,19925412,???
99,Nombre_49,-2,user19@mail.com,30099,Bogotá,8164297,???
193,Nombre_43,106,user33@mail.com,300193,,13452509,Inactivo
78,Nombre_28,88,user38@mail.com,30078,Cali,5827463,Inactivo
25,Nombre_25,122,user25@mail.com,XXX,,-42131,Activo
120,Nombre_20,56,user0@mail.com,XXX,Cali,11550365,???
221,Nombre_21,14,user21@mail.com,300221,Cali,13974384,Activo
188,Nombre_38,-6,user28@mail.com,300188,Bogotá,15655924,Inactivo
82,Nombre_32,47,user2@mail.com,30082,,7884725,Inactivo
253,Nombre_3,111,user13@mail.com,300253,Bogotá,16390971,Activo
79,Nombre_29,1,user39@mail.com,30079,Cali,1972316,Activo
146,Nombre_46,113,user26@mail.com,300146,,3304197,Inactivo
177,Nombre_27,10,user17@mail.com,300177,,6696193,???
192,Nombre_42,85,user32@mail.com,300192,Bogotá,18141217,???
62,Nombre_12,80,user22@mail.com,30062,,16482233,???
187,Nombre_37,109,user27@mail.com,300187,Medellín,12513746,Activo
226,Nombre_26,-4,user26@mail.com,300226,Cali,15842773,Activo
265,Nombre_15,45,user25@mail.com,XXX,,15746386,Inactivo
169,Nombre_19,106,user9@mail.com,300169,Bogotá,9865847,???
118,Nombre_18,-14,user38@mail.com,300118,,18080087,???
15,Nombre_15,121,user15@mail.com,XXX,Bogotá,17837360,???
183,Nombre_33,34,user23@mail.com,300183,,12892583,???
273,Nombre_23,-7,correo_malo,300273,,18870943,???
157,Nombre_7,1,user37@mail.com,300157,,2482877,???
254,Nombre_4,66,user14@mail.com,300254,,7761822,Inactivo
154,Nombre_4,55,correo_malo,300154,,3975941,Activo
231,Nombre_31,121,correo_malo,300231,Cali,1763405,???
182,Nombre_32,24,correo_malo,300182,Medellín,5862028,Activo
5,Nombre_5,-13,user5@mail.com,XXX,Cali,4325029,Activo
17,Nombre_17,114,user17@mail.com,30017,Bogotá,2003216,Activo
56,Nombre_6,80,correo_malo,30056,,16797380,???
31,Nombre_31,62,user31@mail.com,30031,Bogotá,8762764,???
43,Nombre_43,102,user3@mail.com,30043,Bogotá,14346706,???
227,Nombre_27,25,user27@mail.com,300227,,14808053,Inactivo
269,Nombre_19,20,user29@mail.com,300269,Medellín,13452257,Inactivo
188,Nombre_38,96,user28@mail.com,300188,Medellín,6222932,Activo
237,Nombre_37,30,user37@mail.com,300237,,-140817,Activo
25,Nombre_25,119,user25@mail.com,XXX,,15947856,Inactivo
194,Nombre_44,102,user34@mail.com,300194,Medellín,10809315,Inactivo
75,Nombre_25,94,user35@mail.com,XXX,,5892027,Activo
227,Nombre_27,122,user27@mail.com,300227,Cali,1748136,???
215,Nombre_15,58,user15@mail.com,XXX,,17725524,Inactivo
224,Nombre_24,41,correo_malo,300224,,8641626,Activo
128,Nombre_28,63,user8@mail.com,300128,Cali,16814459,Activo
154,Nombre_4,97,correo_malo,300154,,18527758,Inactivo
201,Nombre_1,13,user1@mail.com,300201,Cali,8768259,???
115,Nombre_15,109,user35@mail.com,XXX,,9015275,???
288,Nombre_38,29,user8@mail.com,300288,,3827158,Inactivo
18,Nombre_18,120,user18@mail.com,30018,Bogotá,11083208,Inactivo
286,Nombre_36,57,user6@mail.com,300286,,2816246,???
145,Nombre_45,13,user25@mail.com,XXX,,19250172,Inactivo
51,Nombre_1,117,user11@mail.com,30051,,2963230,Inactivo
218,Nombre_18,21,user18@mail.com,300218,Cali,1241368,Inactivo
217,Nombre_17,40,correo_malo,300217,,6635066,???
22,Nombre_22,29,user22@mail.com,30022,Cali,17221867,Activo
71,Nombre_21,90,user31@mail.com,30071,Bogotá,12152751,Activo
109,Nombre_9,0,user29@mail.com,300109,,5462040,Inactivo
15,Nombre_15,48,user15@mail.com,XXX,Cali,6015325,Inactivo
293,Nombre_43,42,user13@mail.com,300293,,13613108,Inactivo
81,Nombre_31,78,user1@mail.com,30081,Bogotá,8696470,Activo
132,Nombre_32,0,user12@mail.com,300132,,9968329,Activo
149,Nombre_49,89,user29@mail.com,300149,Bogotá,-511892,Inactivo
288,Nombre_38,118,user8@mail.com,300288,,19943624,Activo
19,Nombre_19,68,user19@mail.com,30019,,414053,???
102,Nombre_2,-10,user22@mail.com,300102,Cali,5942013,???
236,Nombre_36,-7,user36@mail.com,300236,Bogotá,1061378,Activo
184,Nombre_34,116,user24@mail.com,300184,Medellín,4449086,Inactivo
110,Nombre_10,-14,user30@mail.com,XXX,,4773978,???
269,Nombre_19,80,user29@mail.com,300269,Bogotá,15439844,Inactivo
200,Nombre_0,126,user0@mail.com,XXX,,12126589,Activo
30,Nombre_30,-9,user30@mail.com,XXX,Cali,5921873,Inactivo
109,Nombre_9,90,user29@mail.com,300109,,7756198,Inactivo
199,Nombre_49,92,user39@mail.com,300199,,7398773,???
19,Nombre_19,32,user19@mail.com,30019,Cali,8383278,???
82,Nombre_32,3,user2@mail.com,30082,,11255858,???
72,Nombre_22,21,user32@mail.com,30072,,8325293,Activo
293,Nombre_43,110,user13@mail.com,300293,Cali,19632099,Inactivo
189,Nombre_39,47,correo_malo,300189,Bogotá,16103374,???
81,Nombre_31,-10,user1@mail.com,30081,Medellín,10669521,Activo
272,Nombre_22,115,user32@mail.com,300272,Medellín,6483742,Inactivo
201,Nombre_1,15,user1@mail.com,300201,,18439552,Inactivo
68,Nombre_18,78,user28@mail.com,30068,Medellín,18999530,???
140,Nombre_40,-10,correo_malo,XXX,Cali,10919477,Activo
107,Nombre_7,44,user27@mail.com,300107,,19879184,Inactivo
256,Nombre_6,71,user16@mail.com,300256,,17043446,Inactivo
181,Nombre_31,84,user21@mail.com,300181,Bogotá,18169332,Inactivo
105,Nombre_5,-4,correo_malo,XXX,,3314932,Inactivo
298,Nombre_48,88,user18@mail.com,300298,Cali,2879694,Inactivo
278,Nombre_28,56,user38@mail.com,300278,,10683806,???
109,Nombre_9,112,user29@mail.com,300109,Bogotá,12099847,???
234,Nombre_34,23,user34@mail.com,300234,Cali,15152357,???
49,Nombre_49,98,correo_malo,30049,,8093893,Inactivo
140,Nombre_40,73,correo_malo,XXX,Medellín,14508217,Activo
23,Nombre_23,21,user23@mail.com,30023,Medellín,4751020,???
173,Nombre_23,32,user13@mail.com,300173,Medellín,12776409,Inactivo
10,Nombre_10,97,user10@mail.com,XXX,Bogotá,17805238,Activo
124,Nombre_24,104,user4@mail.com,300124,Medellín,6936542,???
39,Nombre_39,15,user39@mail.com,30039,Cali,10265926,Inactivo
254,Nombre_4,114,user14@mail.com,300254,,16489691,Activo
246,Nombre_46,11,user6@mail.com,300246,Cali,16907573,???
256,Nombre_6,111,user16@mail.com,300256,,15822048,???
92,Nombre_42,79,user12@mail.com,30092,,4675531,???
268,Nombre_18,55,user28@mail.com,300268,,8509935,Inactivo
28,Nombre_28,16,correo_malo,30028,Cali,5746191,???
151,Nombre_1,59,user31@mail.com,300151,Medellín,18568334,Activo
206,Nombre_6,101,user6@mail.com,300206,Bogotá,15244007,Inactivo
67,Nombre_17,4,user27@mail.com,30067,Medellín,3756173,Inactivo
201,Nombre_1,6,user1@mail.com,300201,Bogotá,18811537,Inactivo
110,Nombre_10,113,user30@mail.com,XXX,Cali,4755618,???
7,Nombre_7,90,correo_malo,3007,Bogotá,15702018,Inactivo
35,Nombre_35,99,correo_malo,XXX,,11797268,Activo
134,Nombre_34,65,user14@mail.com,300134,Cali,14259269,???
145,Nombre_45,117,user25@mail.com,XXX,Cali,4020884,Activo
218,Nombre_18,5,user18@mail.com,300218,,3940877,Inactivo
9,Nombre_9,98,user9@mail.com,3009,Medellín,5390548,Activo
91,Nombre_41,120,correo_malo,30091,,7998441,???
187,Nombre_37,9,user27@mail.com,300187,Cali,74670,???
88,Nombre_38,3,user8@mail.com,30088,Cali,10784364,???
221,Nombre_21,65,user21@mail.com,300221,Cali,13767043,Activo
202,Nombre_2,33,user2@mail.com,300202,,17400079,Inactivo
251,Nombre_1,97,user11@mail.com,300251,,16422965,Inactivo
164,Nombre_14,113,user4@mail.com,300164,Bogotá,12387545,Inactivo
85,Nombre_35,123,user5@mail.com,XXX,Cali,15874148,Inactivo
223,Nombre_23,115,user23@mail.com,300223,Bogotá,2488202,Inactivo
138,Nombre_38,22,user18@mail.com,300138,,13233252,Inactivo
279,Nombre_29,-2,user39@mail.com,300279,Bogotá,11968295,Inactivo
177,Nombre_27,55,user17@mail.com,300177,Cali,1640343,Inactivo
118,Nombre_18,110,user38@mail.com,300118,Medellín,8151800,Activo
204,Nombre_4,89,user4@mail.com,300204,,10381047,Inactivo
63,Nombre_13,71,correo_malo,30063,,13627782,???
263,Nombre_13,11,user23@mail.com,300263,,5185863,???
258,Nombre_8,66,user18@mail.com,300258,,9405705,Inactivo
76,Nombre_26,120,user36@mail.com,30076,,1162465,???
240,Nombre_40,60,user0@mail.com,XXX,Medellín,2618430,Activo
38,Nombre_38,105,user38@mail.com,30038,,15504975,Activo
165,Nombre_15,67,user5@mail.com,XXX,,18801297,Activo
19,Nombre_19,105,user19@mail.com,30019,Cali,6813788,Activo
240,Nombre_40,121,user0@mail.com,XXX,Medellín,5058367,???
202,Nombre_2,65,user2@mail.com,300202,,7762833,Inactivo
123,Nombre_23,116,user3@mail.com,300123,Medellín,4652612,Inactivo
238,Nombre_38,78,correo_malo,300238,Bogotá,13493002,Inactivo
96,Nombre_46,34,user16@mail.com,30096,,4562771,???
178,Nombre_28,102,user18@mail.com,300178,,18838022,???
115,Nombre_15,96,user35@mail.com,XXX,,2102753,???
77,Nombre_27,38,correo_malo,30077,Bogotá,3182962,Activo
213,Nombre_13,0,user13@mail.com,300213,Cali,4117604,Inactivo
299,Nombre_49,88,user19@mail.com,300299,Medellín,19199880,Activo
290,Nombre_40,2,user10@mail.com,XXX,,5143881,Activo
217,Nombre_17,84,correo_malo,300217,,6195982,Inactivo
142,Nombre_42,109,user22@mail.com,300142,Medellín,17083936,Inactivo
88,Nombre_38,108,user8@mail.com,30088,Medellín,17180988,Activo
267,Nombre_17,125,user27@mail.com,300267,Medellín,2977026,???
296,Nombre_46,18,user16@mail.com,300296,Medellín,15554162,Activo
188,Nombre_38,16,user28@mail.com,300188,,2423192,Activo
171,Nombre_21,30,user11@mail.com,300171,,15029403,???
218,Nombre_18,108,user18@mail.com,300218,Bogotá,11855534,???
10,Nombre_10,101,user10@mail.com,XXX,,12162327,???
81,Nombre_31,88,user1@mail.com,30081,,3773927,Inactivo
236,Nombre_36,104,user36@mail.com,300236,Medellín,-207718,???
286,Nombre_36,118,user6@mail.com,300286,,14683516,Inactivo
242,Nombre_42,83,user2@mail.com,300242,Cali,14945661,???
193,Nombre_43,117,user33@mail.com,300193,Bogotá,10125121,???
275,Nombre_25,-4,user35@mail.com,XXX,,4054598,Inactivo
12,Nombre_12,61,user12@mail.com,30012,,-407928,???
13,Nombre_13,-5,user13@mail.com,30013,Medellín,6542713,Inactivo
60,Nombre_10,90,user20@mail.com,XXX,Cali,17590827,Inactivo
275,Nombre_25,-8,user35@mail.com,XXX,Medellín,5561449,Inactivo
248,Nombre_48,102,user8@mail.com,300248,Bogotá,11297937,???
220,Nombre_20,85,user20@mail.com,XXX,Cali,19175654,Activo
148,Nombre_48,29,user28@mail.com,300148,,6861320,Inactivo
234,Nombre_34,-4,user34@mail.com,300234,Medellín,17826242,Activo
121,Nombre_21,105,user1@mail.com,300121,Medellín,15125470,Inactivo
299,Nombre_49,99,user19@mail.com,300299,Medellín,16147706,???
75,Nombre_25,108,user35@mail.com,XXX,,18484792,Activo
211,Nombre_11,0,user11@mail.com,300211,,8561657,???
129,Nombre_29,50,user9@mail.com,300129,Cali,7921375,???
89,Nombre_39,68,user9@mail.com,30089,Bogotá,16402427,Activo
7,Nombre_7,46,correo_malo,3007,Medellín,6185598,Inactivo
105,Nombre_5,11,correo_malo,XXX,Cali,-436604,Activo
89,Nombre_39,102,user9@mail.com,30089,Bogotá,1974973,Inactivo
52,Nombre_2,99,user12@mail.com,30052,Bogotá,4557996,Inactivo
163,Nombre_13,16,user3@mail.com,300163,,10078,???
38,Nombre_38,38,user38@mail.com,30038,Cali,11396342,???
124,Nombre_24,42,user4@mail.com,300124,Bogotá,4715817,???
164,Nombre_14,108,user4@mail.com,300164,Medellín,12191197,Activo
72,Nombre_22,125,user32@mail.com,30072,,1310733,Inactivo
91,Nombre_41,23,correo_malo,30091,Cali,14837199,???
121,Nombre_21,46,user1@mail.com,300121,Medellín,9363893,Activo
201,Nombre_1,82,user1@mail.com,300201,,9061565,Inactivo
32,Nombre_32,14,user32@mail.com,30032,Bogotá,-254528,Activo
25,Nombre_25,59,user25@mail.com,XXX,,17397556,Inactivo
240,Nombre_40,52,user0@mail.com,XXX,,13567618,Inactivo
19,Nombre_19,16,user19@mail.com,30019,,16784215,Inactivo
128,Nombre_28,76,user8@mail.com,300128,Bogotá,13857445,Activo
130,Nombre_30,84,user10@mail.com,XXX,Bogotá,18848316,Inactivo
265,Nombre_15,-1,user25@mail.com,XXX,Cali,5018687,???
27,Nombre_27,69,user27@mail.com,30027,Medellín,9790303,Activo
160,Nombre_10,104,user0@mail.com,XXX,,329885,???
180,Nombre_30,54,user20@mail.com,XXX,Cali,7195602,Activo
99,Nombre_49,124,user19@mail.com,30099,Bogotá,2361549,Inactivo
265,Nombre_15,82,user25@mail.com,XXX,,13799787,Inactivo
188,Nombre_38,108,user28@mail.com,300188,Medellín,2919418,???
186,Nombre_36,-2,user26@mail.com,300186,Medellín,63360,Activo
54,Nombre_4,106,user14@mail.com,30054,Bogotá,17340527,???
72,Nombre_22,89,user32@mail.com,30072,Medellín,12567970,Activo
18,Nombre_18,67,user18@mail.com,30018,Cali,6271739,Inactivo
45,Nombre_45,-10,user5@mail.com,XXX,Medellín,1006089,Inactivo
183,Nombre_33,46,user23@mail.com,300183,Bogotá,10815857,???
140,Nombre_40,89,correo_malo,XXX,,4659781,Inactivo
198,Nombre_48,-12,user38@mail.com,300198,Cali,19142291,???
196,Nombre_46,81,correo_malo,300196,Cali,13333336,Activo
264,Nombre_14,25,user24@mail.com,300264,,19705971,Inactivo
115,Nombre_15,107,user35@mail.com,XXX,Medellín,4844630,Activo
242,Nombre_42,85,user2@mail.com,300242,Cali,11137922,???
146,Nombre_46,-5,user26@mail.com,300146,,17440108,Activo
274,Nombre_24,57,user34@mail.com,300274,Bogotá,17618531,Inactivo
36,Nombre_36,-8,user36@mail.com,30036,Bogotá,10855971,Activo
69,Nombre_19,74,user29@mail.com,30069,,6324859,???
48,Nombre_48,87,user8@mail.com,30048,Bogotá,3767972,Activo
2,Nombre_2,107,user2@mail.com,3002,,13739385,???
23,Nombre_23,76,user23@mail.com,30023,Medellín,10383576,Inactivo
200,Nombre_0,80,user0@mail.com,XXX,,1697153,???
148,Nombre_48,6,user28@mail.com,300148,Medellín,17129824,???
246,Nombre_46,-5,user6@mail.com,300246,Bogotá,15917639,Activo
245,Nombre_45,76,correo_malo,XXX,Cali,12458505,Activo
5,Nombre_5,23,user5@mail.com,XXX,Medellín,6640378,Inactivo
244,Nombre_44,56,user4@mail.com,300244,Cali,18840021,Activo
38,Nombre_38,109,user38@mail.com,30038,,16015862,Inactivo
224,Nombre_24,-13,correo_malo,300224,,2639775,Activo
287,Nombre_37,65,correo_malo,300287,,14002061,Activo
99,Nombre_49,62,user19@mail.com,30099,Cali,2873691,Activo
41,Nombre_41,65,user1@mail.com,30041,Medellín,734854,Activo
95,Nombre_45,93,user15@mail.com,XXX,,10317734,???
168,Nombre_18,103,correo_malo,300168,Cali,8853726,Activo
265,Nombre_15,118,user25@mail.com,XXX,Cali,10243938,???
293,Nombre_43,23,user13@mail.com,300293,Cali,10125063,???
18,Nombre_18,84,user18@mail.com,30018,Medellín,8885787,???
72,Nombre_22,129,user32@mail.com,30072,Medellín,19925819,Inactivo
213,Nombre_13,4,user13@mail.com,300213,,10869317,Activo
4,Nombre_4,85,user4@mail.com,3004,,4170413,???
65,Nombre_15,118,user25@mail.com,XXX,Bogotá,13872384,Activo
47,Nombre_47,85,user7@mail.com,30047,Medellín,18905211,???
193,Nombre_43,78,user33@mail.com,300193,,9968795,???
109,Nombre_9,121,user29@mail.com,300109,,12780242,???
58,Nombre_8,59,user18@mail.com,30058,Cali,15376798,Activo
189,Nombre_39,128,correo_malo,300189,Medellín,3598252,Activo
61,Nombre_11,95,user21@mail.com,30061,Medellín,18712388,???
299,Nombre_49,-3,user19@mail.com,300299,,4325647,Inactivo
223,Nombre_23,90,user23@mail.com,300223,Cali,12843494,Activo
55,Nombre_5,47,user15@mail.com,XXX,,11027170,Inactivo
148,Nombre_48,70,user28@mail.com,300148,,8258577,Inactivo
99,Nombre_49,24,user19@mail.com,30099,Cali,16114090,???
13,Nombre_13,21,user13@mail.com,30013,Bogotá,14759778,Inactivo
111,Nombre_11,117,user31@mail.com,300111,Bogotá,19569716,???
293,Nombre_43,70,user13@mail.com,300293,Medellín,6847822,???
250,Nombre_0,95,user10@mail.com,XXX,Cali,1187809,Activo
137,Nombre_37,-15,user17@mail.com,300137,,8025737,Inactivo
77,Nombre_27,66,correo_malo,30077,Medellín,17531267,Inactivo
246,Nombre_46,20,user6@mail.com,300246,,10881283,Activo
112,Nombre_12,2,correo_malo,300112,Cali,1050362,???
158,Nombre_8,-7,user38@mail.com,300158,Medellín,18654148,Activo
187,Nombre_37,32,user27@mail.com,300187,Medellín,18207031,???
263,Nombre_13,69,user23@mail.com,300263,Bogotá,13633430,???
146,Nombre_46,124,user26@mail.com,300146,Medellín,3443640,Inactivo
231,Nombre_31,47,correo_malo,300231,Medellín,818054,Activo
266,Nombre_16,76,correo_malo,300266,Medellín,-600335,???
252,Nombre_2,38,correo_malo,300252,,7344247,Activo
84,Nombre_34,114,correo_malo,30084,Bogotá,7203031,Activo
86,Nombre_36,87,user6@mail.com,30086,Bogotá,8038849,???
236,Nombre_36,-4,user36@mail.com,300236,Medellín,21656,Activo
198,Nombre_48,93,user38@mail.com,300198,Bogotá,4971471,Activo
170,Nombre_20,52,user10@mail.com,XXX,Bogotá,18026952,???
138,Nombre_38,35,user18@mail.com,300138,Medellín,186472,Activo
84,Nombre_34,128,correo_malo,30084,,2238946,Inactivo
90,Nombre_40,14,user10@mail.com,XXX,,19497993,???
187,Nombre_37,85,user27@mail.com,300187,Medellín,2872088,Activo
141,Nombre_41,50,user21@mail.com,300141,Cali,642132,Inactivo
111,Nombre_11,-5,user31@mail.com,300111,Cali,4522355,???
190,Nombre_40,124,user30@mail.com,XXX,Bogotá,-655519,Inactivo
242,Nombre_42,84,user2@mail.com,300242,Medellín,15332451,Activo
111,Nombre_11,128,user31@mail.com,300111,,445458,Activo
85,Nombre_35,55,user5@mail.com,XXX,Bogotá,6466612,Activo
246,Nombre_46,12,user6@mail.com,300246,,4442716,???
35,Nombre_35,-13,correo_malo,XXX,,17952460,Inactivo
257,Nombre_7,129,user17@mail.com,300257,Cali,10490620,???
256,Nombre_6,4,user16@mail.com,300256,Medellín,3408414,Inactivo
58,Nombre_8,18,user18@mail.com,30058,Cali,2348982,Activo
43,Nombre_43,59,user3@mail.com,30043,,16649229,???
135,Nombre_35,69,user15@mail.com,XXX,Bogotá,11345078,Activo
253,Nombre_3,115,user13@mail.com,300253,,8105757,Inactivo
1,Nombre_1,59,user1@mail.com,3001,,7031047,Inactivo
288,Nombre_38,123,user8@mail.com,300288,Bogotá,8280005,Activo
53,Nombre_3,123,user13@mail.com,30053,Bogotá,11847344,Activo
297,Nombre_47,104,user17@mail.com,300297,,3035987,???
29,Nombre_29,31,user29@mail.com,30029,,16009280,???
163,Nombre_13,106,user3@mail.com,300163,Bogotá,3834657,???
89,Nombre_39,40,user9@mail.com,30089,Medellín,15823256,Activo
179,Nombre_29,68,user19@mail.com,300179,,14436223,Inactivo
185,Nombre_35,63,user25@mail.com,XXX,,14600119,???
230,Nombre_30,4,user30@mail.com,XXX,Cali,9710118,Inactivo
74,Nombre_24,115,user34@mail.com,30074,Medellín,6412608,???
68,Nombre_18,10,user28@mail.com,30068,,6568958,Activo
59,Nombre_9,57,user19@mail.com,30059,,7063429,Activo
279,Nombre_29,117,user39@mail.com,300279,,9638375,???
239,Nombre_39,19,user39@mail.com,300239,Medellín,4675257,Inactivo
44,Nombre_44,14,user4@mail.com,30044,Medellín,18867193,Inactivo
252,Nombre_2,-12,correo_malo,300252,Medellín,15313742,Activo
54,Nombre_4,2,user14@mail.com,30054,,14519870,Inactivo
127,Nombre_27,43,user7@mail.com,300127,Cali,17887182,Inactivo
224,Nombre_24,119,correo_malo,300224,Medellín,5267195,Inactivo
48,Nombre_48,-11,user8@mail.com,30048,Bogotá,9232112,???
131,Nombre_31,29,user11@mail.com,300131,,13418749,Activo
155,Nombre_5,5,user35@mail.com,XXX,Cali,16778436,???
185,Nombre_35,62,user25@mail.com,XXX,Cali,3258422,Activo
186,Nombre_36,62,user26@mail.com,300186,,17350537,???
23,Nombre_23,61,user23@mail.com,30023,,-250613,???
120,Nombre_20,5,user0@mail.com,XXX,,14585110,Activo
275,Nombre_25,75,user35@mail.com,XXX,Bogotá,17926161,Inactivo
70,Nombre_20,119,correo_malo,XXX,,15411731,???
203,Nombre_3,113,correo_malo,300203,Cali,3412488,Inactivo
19,Nombre_19,3,user19@mail.com,30019,Cali,-773044,Activo
224,Nombre_24,74,correo_malo,300224,,12292293,Activo
272,Nombre_22,89,user32@mail.com,300272,,16671523,???
124,Nombre_24,3,user4@mail.com,300124,Cali,5075500,Inactivo
224,Nombre_24,41,correo_malo,300224,Cali,7243264,Activo
50,Nombre_0,43,user10@mail.com,XXX,Bogotá,9419789,???
172,Nombre_22,-12,user12@mail.com,300172,Medellín,10843606,???
106,Nombre_6,81,user26@mail.com,300106,Cali,15863027,???
30,Nombre_30,-2,user30@mail.com,XXX,,-549001,Activo
276,Nombre_26,80,user36@mail.com,300276,Bogotá,12401464,Activo
26,Nombre_26,26,user26@mail.com,30026,Medellín,13289507,???
157,Nombre_7,-6,user37@mail.com,300157,,15586763,Activo
245,Nombre_45,51,correo_malo,XXX,Bogotá,16803005,Inactivo
154,Nombre_4,87,correo_malo,300154,,19686136,Inactivo
2,Nombre_2,53,user2@mail.com,3002,Bogotá,-263888,Inactivo
23,Nombre_23,75,user23@mail.com,30023,Bogotá,10932016,Activo
272,Nombre_22,-12,user32@mail.com,300272,,19940993,Inactivo
264,Nombre_14,12,user24@mail.com,300264,,9315288,???
23,Nombre_23,87,user23@mail.com,30023,,8295715,Inactivo
230,Nombre_30,103,user30@mail.com,XXX,Medellín,14251262,Inactivo
192,Nombre_42,91,user32@mail.com,300192,Bogotá,8496398,Activo
60,Nombre_10,70,user20@mail.com,XXX,,14849467,Activo
24,Nombre_24,40,user24@mail.com,30024,Bogotá,1186069,Activo
296,Nombre_46,97,user16@mail.com,300296,,687888,Inactivo
116,Nombre_16,36,user36@mail.com,300116,Bogotá,5900726,Activo
115,Nombre_15,104,user35@mail.com,XXX,Bogotá,1167418,Inactivo
88,Nombre_38,77,user8@mail.com,30088,Bogotá,18405003,Activo
121,Nombre_21,76,user1@mail.com,300121,Cali,14643749,Activo
62,Nombre_12,124,user22@mail.com,30062,Medellín,12257452,???
19,Nombre_19,55,user19@mail.com,30019,Cali,2671311,Activo
136,Nombre_36,34,user16@mail.com,300136,Bogotá,8926842,???
235,Nombre_35,69,user35@mail.com,XXX,Medellín,693615,Inactivo
254,Nombre_4,123,user14@mail.com,300254,,6677572,Inactivo
69,Nombre_19,17,user29@mail.com,30069,,2519181,Activo
92,Nombre_42,88,user12@mail.com,30092,Cali,-209846,???
161,Nombre_11,76,correo_malo,300161,Cali,11510516,???
69,Nombre_19,93,user29@mail.com,30069,Bogotá,39274,Activo
236,Nombre_36,-1,user36@mail.com,300236,Bogotá,14585977,Inactivo
237,Nombre_37,75,user37@mail.com,300237,,8662319,Activo
251,Nombre_1,14,user11@mail.com,300251,Bogotá,12664134,Inactivo
248,Nombre_48,24,user8@mail.com,300248,,12760327,???
177,Nombre_27,75,user17@mail.com,300177,,10228732,Activo
154,Nombre_4,-9,correo_malo,300154,,15831643,Inactivo
42,Nombre_42,60,correo_malo,30042,Bogotá,7110736,Inactivo
277,Nombre_27,109,user37@mail.com,300277,Cali,18577979,???
41,Nombre_41,86,user1@mail.com,30041,Medellín,2983437,Inactivo
175,Nombre_25,28,correo_malo,XXX,,3099276,???
82,Nombre_32,14,user2@mail.com,30082,,10272404,???
156,Nombre_6,-6,user36@mail.com,300156,,1881377,Activo
176,Nombre_26,129,user16@mail.com,300176,,14077961,???
129,Nombre_29,34,user9@mail.com,300129,,16326736,Activo
62,Nombre_12,119,user22@mail.com,30062,Medellín,2387569,???
57,Nombre_7,119,user17@mail.com,30057,Bogotá,-681710,Activo
231,Nombre_31,103,correo_malo,300231,Medellín,14673344,Activo
72,Nombre_22,104,user32@mail.com,30072,Medellín,16360115,Activo
130,Nombre_30,14,user10@mail.com,XXX,,6692724,Inactivo
225,Nombre_25,-10,user25@mail.com,XXX,,1529186,???
191,Nombre_41,38,user31@mail.com,300191,,2323470,Inactivo
169,Nombre_19,30,user9@mail.com,300169,Bogotá,12369812,???
137,Nombre_37,79,user17@mail.com,300137,Cali,18811873,Inactivo
145,Nombre_45,79,user25@mail.com,XXX,,18658538,Inactivo
271,Nombre_21,48,user31@mail.com,300271,Medellín,15826219,Activo
214,Nombre_14,30,user14@mail.com,300214,Cali,15391604,Activo
175,Nombre_25,61,correo_malo,XXX,,12630023,Activo
245,Nombre_45,-10,correo_malo,XXX,Cali,-408351,Inactivo
6,Nombre_6,64,user6@mail.com,3006,Bogotá,7840555,???
277,Nombre_27,89,user37@mail.com,300277,,7596172,???
78,Nombre_28,89,user38@mail.com,30078,,17819535,???
15,Nombre_15,12,user15@mail.com,XXX,Medellín,17688272,???
274,Nombre_24,43,user34@mail.com,300274,Cali,2672605,???
109,Nombre_9,37,user29@mail.com,300109,Cali,7187767,???
58,Nombre_8,91,user18@mail.com,30058,Bogotá,8413992,???
69,Nombre_19,54,user29@mail.com,30069,,10822228,Inactivo
300,Nombre_0,47,user20@mail.com,XXX,,13225563,Inactivo
197,Nombre_47,121,user37@mail.com,300197,Bogotá,18926907,Activo
111,Nombre_11,97,user31@mail.com,300111,Cali,13347183,Activo
74,Nombre_24,41,user34@mail.com,30074,Medellín,17981411,Inactivo
213,Nombre_13,63,user13@mail.com,300213,Cali,3767787,Activo
103,Nombre_3,88,user23@mail.com,300103,Cali,8761634,???
146,Nombre_46,90,user26@mail.com,300146,Medellín,2115600,Inactivo
109,Nombre_9,58,user29@mail.com,300109,Medellín,16048977,Inactivo
218,Nombre_18,67,user18@mail.com,300218,,9783766,Inactivo
156,Nombre_6,45,user36@mail.com,300156,Cali,7597610,Inactivo
181,Nombre_31,7,user21@mail.com,300181,,15892480,Inactivo
53,Nombre_3,71,user13@mail.com,30053,Bogotá,11569875,Activo
184,Nombre_34,-12,user24@mail.com,300184,,4246204,Inactivo
217,Nombre_17,41,correo_malo,300217,,13837936,???
175,Nombre_25,46,correo_malo,XXX,,13667234,???
28,Nombre_28,46,correo_malo,30028,Medellín,15505649,???
42,Nombre_42,113,correo_malo,30042,Bogotá,3156113,Activo
271,Nombre_21,88,user31@mail.com,300271,,4724776,Inactivo
285,Nombre_35,25,user5@mail.com,XXX,Medellín,944108,Inactivo
96,Nombre_46,128,user16@mail.com,30096,,13458830,Inactivo
80,Nombre_30,80,user0@mail.com,XXX,Medellín,13274735,Activo
172,Nombre_22,122,user12@mail.com,300172,,3618145,Inactivo
35,Nombre_35,120,correo_malo,XXX,Medellín,14662434,Activo
161,Nombre_11,13,correo_malo,300161,Cali,12794516,???
247,Nombre_47,115,user7@mail.com,300247,,183842,Inactivo
10,Nombre_10,66,user10@mail.com,XXX,,16336725,???
248,Nombre_48,35,user8@mail.com,300248,,8663109,Inactivo
46,Nombre_46,54,user6@mail.com,30046,,11793870,Inactivo
81,Nombre_31,96,user1@mail.com,30081,Bogotá,15147248,Inactivo
275,Nombre_25,62,user35@mail.com,XXX,Cali,14716708,Activo
133,Nombre_33,48,correo_malo,300133,,13391401,Activo
221,Nombre_21,54,user21@mail.com,300221,,14973272,Inactivo
299,Nombre_49,109,user19@mail.com,300299,Bogotá,9514225,???
289,Nombre_39,125,user9@mail.com,300289,Medellín,5861926,Inactivo
111,Nombre_11,124,user31@mail.com,300111,Cali,7863344,Inactivo
135,Nombre_35,-14,user15@mail.com,XXX,Bogotá,10079920,Inactivo
201,Nombre_1,5,user1@mail.com,300201,,19410101,Activo
71,Nombre_21,79,user31@mail.com,30071,,3797110,Activo
214,Nombre_14,84,user14@mail.com,300214,Cali,2977338,???
118,Nombre_18,122,user38@mail.com,300118,,19387908,???
235,Nombre_35,116,user35@mail.com,XXX,Bogotá,15293870,Activo
26,Nombre_26,-1,user26@mail.com,30026,Bogotá,4544823,Activo
247,Nombre_47,90,user7@mail.com,300247,Medellín,13713051,Inactivo
50,Nombre_0,87,user10@mail.com,XXX,,1962928,Inactivo
36,Nombre_36,87,user36@mail.com,30036,Cali,3817261,Inactivo
68,Nombre_18,27,user28@mail.com,30068,Cali,7453439,Activo
183,Nombre_33,1,user23@mail.com,300183,,2240307,Activo
196,Nombre_46,48,correo_malo,300196,Bogotá,10405358,Inactivo
66,Nombre_16,105,user26@mail.com,30066,,-524031,Inactivo
191,Nombre_41,69,user31@mail.com,300191,Cali,10627772,Inactivo
76,Nombre_26,44,user36@mail.com,30076,,9673831,Inactivo
278,Nombre_28,106,user38@mail.com,300278,Bogotá,-678619,Activo
284,Nombre_34,85,user4@mail.com,300284,Medellín,19357277,???
196,Nombre_46,129,correo_malo,300196,,-367989,Inactivo
79,Nombre_29,104,user39@mail.com,30079,Cali,-437787,???
95,Nombre_45,-2,user15@mail.com,XXX,,3654744,Activo
46,Nombre_46,62,user6@mail.com,30046,Medellín,3231478,Activo
236,Nombre_36,54,user36@mail.com,300236,Medellín,17670188,Inactivo
84,Nombre_34,29,correo_malo,30084,Medellín,3676991,Inactivo
103,Nombre_3,109,user23@mail.com,300103,,15522121,???
70,Nombre_20,89,correo_malo,XXX,Medellín,9708220,Activo
69,Nombre_19,44,user29@mail.com,30069,Cali,1649311,Inactivo
293,Nombre_43,49,user13@mail.com,300293,Medellín,4721809,???
70,Nombre_20,25,correo_malo,XXX,,17613199,Activo
131,Nombre_31,63,user11@mail.com,300131,Medellín,10868707,Activo
179,Nombre_29,-10,user19@mail.com,300179,,10191286,Activo
260,Nombre_10,47,user20@mail.com,XXX,Bogotá,1047426,Inactivo
118,Nombre_18,1,user38@mail.com,300118,Cali,18587737,???
274,Nombre_24,62,user34@mail.com,300274,,11387292,???
8,Nombre_8,42,user8@mail.com,3008,Medellín,9327244,Activo
287,Nombre_37,67,correo_malo,300287,Cali,4161683,???
185,Nombre_35,86,user25@mail.com,XXX,,10392238,Activo
279,Nombre_29,102,user39@mail.com,300279,Bogotá,15271766,Activo
129,Nombre_29,108,user9@mail.com,300129,Medellín,12268970,Inactivo
264,Nombre_14,78,user24@mail.com,300264,,14664891,Inactivo
241,Nombre_41,94,user1@mail.com,300241,Cali,3641275,???
110,Nombre_10,73,user30@mail.com,XXX,Medellín,8493364,Inactivo
17,Nombre_17,24,user17@mail.com,30017,Medellín,1129519,???
245,Nombre_45,68,correo_malo,XXX,,18132249,???
51,Nombre_1,79,user11@mail.com,30051,Bogotá,8319657,???
240,Nombre_40,121,user0@mail.com,XXX,Medellín,18549152,Inactivo
205,Nombre_5,53,user5@mail.com,XXX,Cali,7724668,???
270,Nombre_20,51,user30@mail.com,XXX,Medellín,2082357,???
163,Nombre_13,16,user3@mail.com,300163,,2042976,Activo
268,Nombre_18,70,user28@mail.com,300268,Medellín,9362761,???
166,Nombre_16,-10,user6@mail.com,300166,,15398510,Inactivo
58,Nombre_8,91,user18@mail.com,30058,,13519310,???
205,Nombre_5,-15,user5@mail.com,XXX,Cali,1963207,Activo
14,Nombre_14,-10,correo_malo,30014,Medellín,2752756,???
204,Nombre_4,6,user4@mail.com,300204,,8267746,???
6,Nombre_6,47,user6@mail.com,3006,Cali,18687268,Inactivo
154,Nombre_4,62,correo_malo,300154,,1513671,Activo
93,Nombre_43,117,user13@mail.com,30093,,19154239,Activo
60,Nombre_10,85,user20@mail.com,XXX,Bogotá,11239410,Inactivo
201,Nombre_1,91,user1@mail.com,300201,,19890752,Activo
103,Nombre_3,61,user23@mail.com,300103,Medellín,9394422,Inactivo
226,Nombre_26,92,user26@mail.com,300226,Medellín,6048375,Inactivo
238,Nombre_38,-10,correo_malo,300238,Bogotá,6954358,Inactivo
38,Nombre_38,29,user38@mail.com,30038,Bogotá,55410,Inactivo
205,Nombre_5,19,user5@mail.com,XXX,,8794434,Inactivo
176,Nombre_26,103,user16@mail.com,300176,Cali,4478739,???
124,Nombre_24,25,user4@mail.com,300124,,4298841,Inactivo
85,Nombre_35,111,user5@mail.com,XXX,Cali,8475864,???
230,Nombre_30,115,user30@mail.com,XXX,Bogotá,7632064,Inactivo
98,Nombre_48,51,correo_malo,30098,,8398226,Inactivo
185,Nombre_35,94,user25@mail.com,XXX,Medellín,19085451,Activo
252,Nombre_2,30,correo_malo,300252,Bogotá,19577276,Inactivo
189,Nombre_39,122,correo_malo,300189,,14319608,???
42,Nombre_42,23,correo_malo,30042,,7364328,???
286,Nombre_36,13,user6@mail.com,300286,,16570711,???
128,Nombre_28,109,user8@mail.com,300128,,8967776,Activo
280,Nombre_30,-7,correo_malo,XXX,Medellín,11241197,???
162,Nombre_12,95,user2@mail.com,300162,Medellín,12781862,Activo
157,Nombre_7,51,user37@mail.com,300157,,18330819,Activo
222,Nombre_22,20,user22@mail.com,300222,Bogotá,841869,Inactivo
223,Nombre_23,8,user23@mail.com,300223,,13459689,???
50,Nombre_0,27,user10@mail.com,XXX,,6840389,Activo
37,Nombre_37,53,user37@mail.com,30037,,7180347,Activo
222,Nombre_22,104,user22@mail.com,300222,,9824677,Activo
266,Nombre_16,30,correo_malo,300266,Medellín,7229757,???
122,Nombre_22,69,user2@mail.com,300122,Cali,9222521,Activo
277,Nombre_27,13,user37@mail.com,300277,Medellín,1232291,???
174,Nombre_24,72,user14@mail.com,300174,,15397627,Inactivo
132,Nombre_32,-15,user12@mail.com,300132,Bogotá,5531887,???
85,Nombre_35,105,user5@mail.com,XXX,,4395567,Inactivo
194,Nombre_44,-8,user34@mail.com,300194,Medellín,14132770,Inactivo
290,Nombre_40,120,user10@mail.com,XXX,Cali,4865911,Inactivo
42,Nombre_42,129,correo_malo,30042,,8792201,Inactivo
163,Nombre_13,118,user3@mail.com,300163,,18219920,Activo
29,Nombre_29,-8,user29@mail.com,30029,,13565576,Inactivo
259,Nombre_9,-13,correo_malo,300259,,2721709,Inactivo
208,Nombre_8,10,user8@mail.com,300208,Cali,18318528,???
66,Nombre_16,27,user26@mail.com,30066,,729415,Inactivo
86,Nombre_36,16,user6@mail.com,30086,,2591727,Activo
29,Nombre_29,108,user29@mail.com,30029,,4479523,Activo
137,Nombre_37,106,user17@mail.com,300137,Bogotá,18126637,Inactivo
204,Nombre_4,43,user4@mail.com,300204,Bogotá,4620814,Activo
188,Nombre_38,118,user28@mail.com,300188,Medellín,1215946,Activo
294,Nombre_44,124,correo_malo,300294,,17245715,Inactivo
45,Nombre_45,93,user5@mail.com,XXX,,8654590,???
147,Nombre_47,-8,correo_malo,300147,Bogotá,6720827,???
151,Nombre_1,69,user31@mail.com,300151,Cali,1830132,Inactivo
238,Nombre_38,38,correo_malo,300238,Bogotá,6875425,Inactivo
48,Nombre_48,67,user8@mail.com,30048,,7143549,Activo
58,Nombre_8,114,user18@mail.com,30058,Medellín,13971592,Activo
282,Nombre_32,37,user2@mail.com,300282,Bogotá,6260129,Activo
192,Nombre_42,9,user32@mail.com,300192,Bogotá,16921981,Inactivo
67,Nombre_17,49,user27@mail.com,30067,,12246692,Inactivo
16,Nombre_16,44,user16@mail.com,30016,Cali,9835075,Activo
148,Nombre_48,78,user28@mail.com,300148,Bogotá,2110696,Activo
266,Nombre_16,-6,correo_malo,300266,Cali,7433353,Activo
232,Nombre_32,78,user32@mail.com,300232,,15471734,Inactivo
233,Nombre_33,42,user33@mail.com,300233,Bogotá,-157601,Inactivo
194,Nombre_44,41,user34@mail.com,300194,Cali,7072604,???
228,Nombre_28,9,user28@mail.com,300228,Medellín,16493680,???
34,Nombre_34,115,user34@mail.com,30034,,18234694,Inactivo
79,Nombre_29,-14,user39@mail.com,30079,,15683215,Inactivo
232,Nombre_32,94,user32@mail.com,300232,Medellín,3408687,Inactivo
66,Nombre_16,117,user26@mail.com,30066,,9414885,???
273,Nombre_23,95,correo_malo,300273,Bogotá,16477455,Inactivo
145,Nombre_45,87,user25@mail.com,XXX,Bogotá,-13206,Inactivo
40,Nombre_40,98,user0@mail.com,XXX,Cali,14582133,Activo
259,Nombre_9,59,correo_malo,300259,Medellín,5536506,Activo
87,Nombre_37,97,user7@mail.com,30087,,8286560,Inactivo
63,Nombre_13,29,correo_malo,30063,Bogotá,5096453,Activo
67,Nombre_17,84,user27@mail.com,30067,Bogotá,1904331,???
90,Nombre_40,-2,user10@mail.com,XXX,,18759077,???
187,Nombre_37,50,user27@mail.com,300187,Bogotá,14868638,???
241,Nombre_41,5,user1@mail.com,300241,,16276913,Activo
41,Nombre_41,15,user1@mail.com,30041,Bogotá,7987477,Activo
287,Nombre_37,20,correo_malo,300287,,17290874,Inactivo
240,Nombre_40,94,user0@mail.com,XXX,Cali,6240702,Activo
35,Nombre_35,-14,correo_malo,XXX,Bogotá,4882187,???
84,Nombre_34,29,correo_malo,30084,,2458625,Inactivo
50,Nombre_0,40,user10@mail.com,XXX,Medellín,-960684,???
109,Nombre_9,83,user29@mail.com,300109,,659214,Activo
211,Nombre_11,109,user11@mail.com,300211,Cali,11122817,Activo
153,Nombre_3,45,user33@mail.com,300153,Bogotá,19841019,???
204,Nombre_4,92,user4@mail.com,300204,,15833915,???
276,Nombre_26,9,user36@mail.com,300276,Medellín,4641584,Inactivo
275,Nombre_25,46,user35@mail.com,XXX,,8002824,Inactivo
283,Nombre_33,21,user3@mail.com,300283,Bogotá,1106237,???
158,Nombre_8,75,user38@mail.com,300158,Cali,1598457,Inactivo
35,Nombre_35,117,correo_malo,XXX,Cali,1207825,???
211,Nombre_11,111,user11@mail.com,300211,Bogotá,8520314,Activo
182,Nombre_32,0,correo_malo,300182,Cali,4587851,Inactivo
132,Nombre_32,113,user12@mail.com,300132,Medellín,12303401,???
41,Nombre_41,42,user1@mail.com,30041,Bogotá,6661041,???
237,Nombre_37,90,user37@mail.com,300237,Cali,5698289,???
244,Nombre_44,86,user4@mail.com,300244,,19388732,Inactivo
28,Nombre_28,32,correo_malo,30028,,19998187,Activo
189,Nombre_39,108,correo_malo,300189,Medellín,-302337,Activo
103,Nombre_3,83,user23@mail.com,300103,Cali,18737494,Activo
152,Nombre_2,36,user32@mail.com,300152,Medellín,12074486,Inactivo
293,Nombre_43,69,user13@mail.com,300293,Medellín,18770749,???
77,Nombre_27,28,correo_malo,30077,Medellín,8297254,Inactivo
147,Nombre_47,15,correo_malo,300147,Medellín,14659059,Inactivo
233,Nombre_33,53,user33@mail.com,300233,Bogotá,11018380,Inactivo
267,Nombre_17,-9,user27@mail.com,300267,Medellín,16704097,???
221,Nombre_21,-9,user21@mail.com,300221,Bogotá,6395684,???
100,Nombre_0,102,user20@mail.com,XXX,,940312,???
122,Nombre_22,18,user2@mail.com,300122,Medellín,13192181,Activo
293,Nombre_43,81,user13@mail.com,300293,Medellín,247436,Activo
289,Nombre_39,81,user9@mail.com,300289,,6249548,Activo
44,Nombre_44,106,user4@mail.com,30044,Medellín,6811441,Inactivo
17,Nombre_17,115,user17@mail.com,30017,Cali,10135409,Activo
201,Nombre_1,41,user1@mail.com,300201,,1011136,???
253,Nombre_3,-1,user13@mail.com,300253,,3940308,Activo
116,Nombre_16,116,user36@mail.com,300116,,12548134,???
61,Nombre_11,81,user21@mail.com,30061,,17048598,Activo
24,Nombre_24,92,user24@mail.com,30024,,15178811,Activo
123,Nombre_23,10,user3@mail.com,300123,,16879207,???
51,Nombre_1,47,user11@mail.com,30051,,19447876,???
160,Nombre_10,19,user0@mail.com,XXX,,4736849,???
259,Nombre_9,30,correo_malo,300259,,4518730,???
295,Nombre_45,32,user15@mail.com,XXX,Medellín,1721945,Activo
147,Nombre_47,113,correo_malo,300147,Bogotá,13250963,???
175,Nombre_25,61,correo_malo,XXX,Medellín,15327700,???
282,Nombre_32,51,user2@mail.com,300282,Medellín,16918636,Activo
292,Nombre_42,125,user12@mail.com,300292,Bogotá,4442950,Inactivo
207,Nombre_7,66,user7@mail.com,300207,,2265110,???
113,Nombre_13,86,user33@mail.com,300113,,-544188,Inactivo
210,Nombre_10,98,correo_malo,XXX,Bogotá,807145,???
172,Nombre_22,30,user12@mail.com,300172,,3516173,Activo
113,Nombre_13,-1,user33@mail.com,300113,Cali,17267801,???
214,Nombre_14,128,user14@mail.com,300214,Cali,4917971,???
221,Nombre_21,65,user21@mail.com,300221,Bogotá,10844558,???
293,Nombre_43,22,user13@mail.com,300293,Cali,13996295,Activo
129,Nombre_29,2,user9@mail.com,300129,Bogotá,13344396,Activo
151,Nombre_1,53,user31@mail.com,300151,Medellín,11218737,Inactivo
106,Nombre_6,14,user26@mail.com,300106,Bogotá,17892247,???
246,Nombre_46,107,user6@mail.com,300246,Bogotá,13192857,Inactivo
17,Nombre_17,85,user17@mail.com,30017,,349096,Activo
176,Nombre_26,125,user16@mail.com,300176,Cali,11966253,Inactivo
75,Nombre_25,-6,user35@mail.com,XXX,Medellín,11157113,???
64,Nombre_14,0,user24@mail.com,30064,Bogotá,11484659,???
235,Nombre_35,83,user35@mail.com,XXX,,12652629,Activo
213,Nombre_13,33,user13@mail.com,300213,Cali,17199424,Inactivo
206,Nombre_6,-11,user6@mail.com,300206,Bogotá,7104709,Activo
119,Nombre_19,5,correo_malo,300119,Medellín,12297910,Inactivo
154,Nombre_4,91,correo_malo,300154,,19494081,Activo
223,Nombre_23,79,user23@mail.com,300223,Cali,3052424,Activo
135,Nombre_35,-13,user15@mail.com,XXX,,13372471,Inactivo
82,Nombre_32,120,user2@mail.com,30082,,18707238,Inactivo
244,Nombre_44,126,user4@mail.com,300244,Bogotá,8065034,Activo
144,Nombre_44,128,user24@mail.com,300144,,9159445,???
187,Nombre_37,24,user27@mail.com,300187,Bogotá,11324364,???
202,Nombre_2,6,user2@mail.com,300202,Medellín,9578661,Inactivo
106,Nombre_6,-14,user26@mail.com,300106,,8100066,???
288,Nombre_38,12,user8@mail.com,300288,Bogotá,5333931,Activo
146,Nombre_46,96,user26@mail.com,300146,,9772352,Inactivo
158,Nombre_8,6,user38@mail.com,300158,,17949759,???
249,Nombre_49,37,user9@mail.com,300249,Medellín,-411739,???
149,Nombre_49,27,user29@mail.com,300149,Bogotá,1394974,???
300,Nombre_0,56,user20@mail.com,XXX,,6865299,Activo
115,Nombre_15,-9,user35@mail.com,XXX,Bogotá,18442308,Activo
5,Nombre_5,24,user5@mail.com,XXX,Cali,2024905,Activo
77,Nombre_27,31,correo_malo,30077,Cali,15159869,Inactivo
265,Nombre_15,112,user25@mail.com,XXX,,17394758,???
110,Nombre_10,7,user30@mail.com,XXX,,17664647,???
24,Nombre_24,-13,user24@mail.com,30024,,-694445,Activo
26,Nombre_26,87,user26@mail.com,30026,Medellín,909524,???
255,Nombre_5,126,user15@mail.com,XXX,,260918,Inactivo
271,Nombre_21,12,user31@mail.com,300271,,1004831,???
164,Nombre_14,8,user4@mail.com,300164,Bogotá,-431481,Inactivo
269,Nombre_19,33,user29@mail.com,300269,Medellín,2882149,Activo
217,Nombre_17,75,correo_malo,300217,Medellín,7373144,Inactivo
117,Nombre_17,127,user37@mail.com,300117,,5279879,Inactivo
261,Nombre_11,70,user21@mail.com,300261,,10792525,???
181,Nombre_31,70,user21@mail.com,300181,,1633848,???
130,Nombre_30,14,user10@mail.com,XXX,,9267431,Activo
71,Nombre_21,4,user31@mail.com,30071,Bogotá,6290352,Activo
36,Nombre_36,65,user36@mail.com,30036,Medellín,14048066,???
60,Nombre_10,6,user20@mail.com,XXX,,-414803,Activo
165,Nombre_15,112,user5@mail.com,XXX,Bogotá,15275755,Activo
229,Nombre_29,45,user29@mail.com,300229,,-891401,Activo
187,Nombre_37,113,user27@mail.com,300187,Cali,16762390,Inactivo
75,Nombre_25,113,user35@mail.com,XXX,Cali,8114923,Inactivo
128,Nombre_28,68,user8@mail.com,300128,Bogotá,16693227,???
6,Nombre_6,117,user6@mail.com,3006,Bogotá,3288130,Inactivo
231,Nombre_31,63,correo_malo,300231,Cali,15303477,???
45,Nombre_45,34,user5@mail.com,XXX,,-995679,Inactivo
39,Nombre_39,70,user39@mail.com,30039,Medellín,10487233,Inactivo
144,Nombre_44,46,user24@mail.com,300144,Bogotá,8837987,???
241,Nombre_41,104,user1@mail.com,300241,,5934431,???
178,Nombre_28,42,user18@mail.com,300178,,1192548,Inactivo
14,Nombre_14,24,correo_malo,30014,Medellín,9941733,Activo
157,Nombre_7,125,user37@mail.com,300157,Cali,10607921,Activo
25,Nombre_25,15,user25@mail.com,XXX,,18705069,Activo
62,Nombre_12,102,user22@mail.com,30062,Bogotá,-515601,Activo
54,Nombre_4,-15,user14@mail.com,30054,Cali,690100,???
178,Nombre_28,54,user18@mail.com,300178,Medellín,13783007,Activo
52,Nombre_2,-15,user12@mail.com,30052,,18022166,???
62,Nombre_12,92,user22@mail.com,30062,Medellín,-839735,Inactivo
64,Nombre_14,-11,user24@mail.com,30064,Medellín,17791225,???
94,Nombre_44,59,user14@mail.com,30094,,12934523,???
188,Nombre_38,69,user28@mail.com,300188,Medellín,14284262,Inactivo
82,Nombre_32,95,user2@mail.com,30082,,19799786,Activo
237,Nombre_37,35,user37@mail.com,300237,Medellín,6681271,Inactivo
204,Nombre_4,83,user4@mail.com,300204,,16464818,Activo
257,Nombre_7,95,user17@mail.com,300257,Bogotá,12247022,Inactivo
46,Nombre_46,128,user6@mail.com,30046,Medellín,16727462,Activo
223,Nombre_23,59,user23@mail.com,300223,Cali,9812767,Activo
232,Nombre_32,48,user32@mail.com,300232,,8420100,Inactivo
253,Nombre_3,45,user13@mail.com,300253,Medellín,6704603,Inactivo
74,Nombre_24,5,user34@mail.com,30074,Medellín,9709025,???
